section_id,claim_id,claim_text,source_filename,chunk_id,rank,retrieval_method,evidence_text,allowed_for_section
S2,S2_C1,"Los modelos ANN tradicionales, como Back Propagation y Multilayer Perceptron (MLP), han demostrado alta precisión en predicciones a corto plazo utilizando variables meteorológicas y datos históricos",1/39.MLP_Back_Propagation_Artificial_Neural_Network_for.pdf,696fb1df0f31a0b4_chunk_0003,1,supporting_citation_from_draft,"methodology, developed from data collected in Fortaleza-CE (latitude: −03° 43′, longitude: −38° 32′). Predictions were developed using Multilayer Perceptron (MLP) Back propagation Artificial Neural Network (ANN) with the advance of 1 hour. In the best ANN performance, 41.9% of the predictions obtained up to 5% of error, 58.7% obtained errors lower than 10% and 68.6% obtained errors lower than 15%. MAPE (mean absolute percentage error) of 6.11% was found, which can be considered good, since errors found in previous works reached 20%. Key words Solar Predictability, Solar Energy, Artificial Neural Networks. 1. Introduction There is a growing search for new sources of energy worldwide in order to complement the electricity supply. Additionally, according to United Nations projections [1], in 2050 the world population will increase approximately 29%, going from the current 7.55 billion inhabitants to 9.77 billion inhabitants [1]-[2], making it clear that energy demand will continue to expand. Therefore, better techniques are needed to produce, store and distribute energy, taking into account technical, financial and environmental factors.",True
S2,S2_C1,"Los modelos ANN tradicionales, como Back Propagation y Multilayer Perceptron (MLP), han demostrado alta precisión en predicciones a corto plazo utilizando variables meteorológicas y datos históricos",1/39.MLP_Back_Propagation_Artificial_Neural_Network_for.pdf,696fb1df0f31a0b4_chunk_0020,2,supporting_citation_from_draft,"hour in advance, totaling 18,421 forecasts, or 219 forecast days. Test period was performed from September 23, 2004 to April 30, 2005. Predictions of solar irradiance follow the behavior of the solar resource, demonstrating that the method is able to give values close to the observations in several hours of the period. The highest value of predicted solar irradiance for the 1st test was 1,144.2 W/m², while the measured value was 1,371 W/m², which is an understatement of 16.6 %. For the second test, the highest value of predicted solar irradiance was 1,449.33 W/m², characterizing an overestimation of 5.71%. For the first test, the largest difference between forecast and collected data was 99%, the lowest of 0% (no error). For the second test, the largest difference was 93.77% and the lowest of 0%. In the first test, 41.9% of the predictions obtained up to 5% of error, 58.7% of the predictions obtained errors less than 10% and 68.6% of the predictions errors less than 15%. In the second test, 34.87% of the predictions obtained up to 5% of error, 53.94% of the predictions obtained errors less than 10% and 67.42% of the predictions errors less",True
S2,S2_C2,"La arquitectura de la red y el algoritmo de entrenamiento son determinantes para el desempeño; en un estudio con ANN entrenada mediante el algoritmo trainlm y función de transferencia tan-sigmoide, se encontró que una configuración con siete neuronas en la capa oculta optimiza la precisión, alcanzando un coeficiente de correlación R de 0.96 y un error cuadrático medio (RMSE) de 1.34 MJ·m−2",1/33.An-LM-BP-Neural-Network-Approach-to-Estimate-Monthly-Mean-Daily-Global-Solar-Radiation-Using-MODIS-Atmospheric-Products.pdf,42891eb1891ec233_chunk_0023,1,supporting_citation_from_draft,"with R = 0.96). MBE is minimum (equal to 0.12 MJ·m−2) when the ANN conﬁguration with 5 neurons in the hidden layer. It is indicated that the training results were hardly improved further when the number of neurons in the hidden layer became greater than 7. The more the number of neurons, the not higher the accuracy. The reason is that the more the number of hidden layers, the more the nodes, which leads to more weights and errors, hence, the accuracy of the network drops. From the above consideration, an ANN conﬁguration with 7 neurons was applied. Table 1. Training results for different conﬁgurations in the hidden layer. n Transfer Function Training Function R RMSE/ MJ·m−2 MBE/ MJ·m−2 Hidden Layer Output Layer 4 tan-sigmoid purelin trainlm 0.94 1.59 0.13 5 tan-sigmoid purelin trainlm 0.93 1.66 0.12 6 tan-sigmoid purelin trainlm 0.94 1.60 0.44 7 tan-sigmoid purelin trainlm 0.96 1.34 0.21 8 tan-sigmoid purelin trainlm 0.93 1.65 0.27 9 tan-sigmoid purelin trainlm 0.92 2.12 1.15 10 tan-sigmoid purelin trainlm 0.94 1.66 0.52 11 tan-sigmoid purelin trainlm 0.90 1.99 0.42 12 tan-sigmoid purelin trainlm 0.92 1.76 0.19 13 tan-sigmoid purelin trainlm 0.93 1.73 0.20",True
S2,S2_C3,"La selección adecuada de variables meteorológicas, como temperatura mínima y máxima, duración de la insolación y radiación extraterrestre, contribuye significativamente a mejorar la precisión de las ANN",1/33.An-LM-BP-Neural-Network-Approach-to-Estimate-Monthly-Mean-Daily-Global-Solar-Radiation-Using-MODIS-Atmospheric-Products.pdf,42891eb1891ec233_chunk_0008,1,supporting_citation_from_draft,"past ten years, many scholars [15–20] have begun to use ANN models to simulate solar radiation. These research can be divided into several categories, including: (1) Comparing the simulation accuracy of ANNs with different input parameters. Rao et al. [21] used different combinations of daily minimum temperature (Tmin), daily maximum temperature (Tmax), the difference of daily maximum and minimum temperature (DT), sunshine duration (S0), theoretical sunshine duration (S) and extraterrestrial radiation (H0) to train an ANN; six ANN models were developed to estimate mean daily global solar radiation. The results that the showed a combination of DT and H0 gave the best prediction of the Relative Root Mean Square Error (RRMSE), being as little as 3.96%; (2) Comparing neural network models with other models. Teket et al. [22] compared 91 models for simulating solar radiation; these models can be summarized as linear models, nonlinear models, mixed models, and neural network models. The percentage errors were 3.62%, 2.50% to 6.93%, 0.14 to 6.93%, and 0.30%, respectively; (3) comparing the neural network models with different algorithms. For example, based",True
S2,S2_C4,"Sin embargo, estas redes presentan limitaciones en escenarios con alta variabilidad climática y terrenos heterogéneos, donde la generalización puede verse afectada, como se observa en regiones con estaciones lluviosas y secas bien definidas",1/39.MLP_Back_Propagation_Artificial_Neural_Network_for.pdf,696fb1df0f31a0b4_chunk_0015,1,supporting_citation_from_draft,"daily solar irradiation measurements in 2004. Fig. 2. Daily solar irradiation (2004). The weather in Fortaleza is characterized by a rainy and dry season, due to the presence of the Intertropical Convergence Zone. Dry period occurs in the second half of the year. Consequently, during this period there is a higher incidence of solar irradiation on the surface due to the absence of cloud cover. Rainy season, characterized by a lower solar irradiation, occurs in the first half of the year. For validation of the ANN results, the rest of the data (30% of the collected data) of solar irradiance and temperature (219 days, 18,421 measurements) are used in order to verify the network operation for hitherto unknown inputs (generalization step). It is worth mentioning that, in the region of the study, the climate is well defined throughout the year, therefore, this climatic characteristic causes the neural network to be able to carry out predictions of later years. With these results, weighted errors are calculated. Solar prediction errors are found at different times of the day, with different levels of solar resource availability [5]. If a",True
S3,S3_C1,"Las arquitecturas de deep learning temporal, como LSTM y GRU, capturan eficazmente las dinámicas temporales y patrones complejos en datos meteorológicos y de irradiancia, superando a modelos tradicionales y redes neuronales feedforward en precisión de pronóstico",1/43.1-s2.0-S1877050917318392-main.pdf,a6d33f85b06e45e7_chunk_0031,1,supporting_citation_from_draft,"Figure 12 shows a sample of training data in four different weather conditions: few clouds, scattered, overcast, and clear-sky. The results of the predictive model are shown in Fig. 13. The actual data plotted with the standard deviation of the predictive model is plotted as well because the experiments had different random initializations. The average RMSE of the DRNN is 0.0513 in training and 0.068 in testing. On the other hand, the average RMSE of the DRNN is 0.0746 in training and 0.086 in testing. This method gives promising results, as the RMSE is the lowest. Table 1 shows a comparison of different prediction methods. The comparison was made on the test dataset. A feedforward neural network was implemented using one hidden layer with 21 neurons. It was trained using the Levenberg–Marquardt algorithm. The training was stopped early to avoid the overfitting issues. FNN has the poorest performance among the other methods. The support vector machine has better performance than FNN. However, the deep learning LSTM outperforms other methods. Table 1: Performance test Method RMSE MBE FNN 0.16 0.005 SVR 0.11 0.0042 Deep Learning (LSTM) 0.086 0.004",True
S3,S3_C2,"Por ejemplo, un modelo DRNN con LSTM reporta un RMSE de 0.068, inferior al de SVR y FNN, evidenciando su capacidad para preservar dependencias a largo plazo en series temporales",1/43.1-s2.0-S1877050917318392-main.pdf,a6d33f85b06e45e7_chunk_0031,1,supporting_citation_from_draft,"Figure 12 shows a sample of training data in four different weather conditions: few clouds, scattered, overcast, and clear-sky. The results of the predictive model are shown in Fig. 13. The actual data plotted with the standard deviation of the predictive model is plotted as well because the experiments had different random initializations. The average RMSE of the DRNN is 0.0513 in training and 0.068 in testing. On the other hand, the average RMSE of the DRNN is 0.0746 in training and 0.086 in testing. This method gives promising results, as the RMSE is the lowest. Table 1 shows a comparison of different prediction methods. The comparison was made on the test dataset. A feedforward neural network was implemented using one hidden layer with 21 neurons. It was trained using the Levenberg–Marquardt algorithm. The training was stopped early to avoid the overfitting issues. FNN has the poorest performance among the other methods. The support vector machine has better performance than FNN. However, the deep learning LSTM outperforms other methods. Table 1: Performance test Method RMSE MBE FNN 0.16 0.005 SVR 0.11 0.0042 Deep Learning (LSTM) 0.086 0.004",True
S3,S3_C3,"Los modelos híbridos que combinan CNN y LSTM integran características espaciales y temporales, mejorando la precisión en diferentes condiciones climáticas y geográficas",1/58.1-s2.0-S0306261921005158-main.pdf,e1bf718cbfa6854b_chunk_0002,1,supporting_citation_from_draft,"effective participation in the energy market. This study proposes a new hybrid deep learning model, namely long short term memory–convolutional neural network (LSTM–CNN), for hourly GHI forecasting, which models the spatio-temporal features by integrating the long short term memory (LSTM) and convolutional neural network (CNN) model. The proposed model is trained with the meteorological data of 23 locations of California State, USA, which includes temperature, precipitation, relative humidity, cloud cover, etc., as input parameters. The proposed hybrid LSTM–CNN model firstly uses LSTM to extract the temporal features from time-series solar irradiance data, followed by CNN, which extracts the spatial features from the correlation matrix of several meteorological variables of target and its neighbor location. The prediction accuracy of the developed model is analyzed rigorously by examining the performance for a year, for four seasons and under three sky conditions. Besides, the proposed LSTM–CNN model shows a forecast skill score in a range of about 37%–45% over few standalone models, including smart persistence, support vector machine, artificial neural network, LSTM, CNN",True
S3,S3_C3,"Los modelos híbridos que combinan CNN y LSTM integran características espaciales y temporales, mejorando la precisión en diferentes condiciones climáticas y geográficas",1/58.1-s2.0-S0306261921005158-main.pdf,e1bf718cbfa6854b_chunk_0104,2,supporting_citation_from_draft,"summer, autumn and winter) for all locations. However, it has been observed that the seasonal error distribution of developed is highly influenced by the climate of the location. For instance, the proposed LSTM–CNN model has shown highly improved prediction results in those seasons when prediction errors of other considered models are relatively high. • Finally, the proposed hybrid LSTM–CNN model has shown highly improved prediction accuracy in different sky conditions (cloudy, mixed and sunny) for different climatic locations. Conclusively, the proposed LSTM–CNN model digs out the potential of deep learning and their hybrid models for GHI prediction. LSTM– CNN efficiently extracts the intrinsic and hidden tempo-spatial features from the multivariate time-series meteorological and GHI data that highly influence the GHI prediction. Moreover, the proposed LSTM– CNN model is highly stable, which effectively predicts GHI irrespective of the seasonal variations and sky conditions. The simulation results obtained in the present study illustrate that the proposed deep hybrid LSTM–CNN model exhibits excellent performance in predicting hourly global horizontal irradiance under different",True
S3,S3_C4,"La optimización de hiperparámetros mediante técnicas como búsqueda en cuadrícula y optimización bayesiana contribuye a superar problemas comunes como el desvanecimiento del gradiente y el sobreajuste, mejorando la generalización del modelo",1/59.1-s2.0-S0960148120315652-main.pdf,4237f959d87fe007_chunk_0036,1,supporting_citation_from_draft,"2.5.2. Model selection (4). Before training, the whole hyper-parameters of the network are initialized. The reconstructed training dataset is used to train ﬁve different hybrid CNN-LSTM networks to understand how to apply the concept, to learn and produce results. (5). During tuning model hyper-parameters, the validation dataset is used to provide an unbiased evaluation of CNNLSTM ﬁt on the training dataset. (6). Finally, the optimal hyper-parameter models of CNN-LSTM networks found by the grid-search are saved. 2.5.3. Performance evaluation (7). The test dataset is employed to provide forecasting results for optimal model. And then the forecast results are visualized and evaluated. 3. Solar irradiance data description In this work, measured irradiance taken from meteorological ground stations is used to forecast irradiance for the next hour. There are four real-world datasets applied to evaluate the performance of the proposed model in hourly-ahead forecasts of the irradiance. The locations of these collected datasets are displayed in Fig. 9. The ﬁrst three datasets from Los Angeles (19730N 156060W, California, USA), Denver (39440N, 105110W, Colorado, USA) and",True
S3,S3_C4,"La optimización de hiperparámetros mediante técnicas como búsqueda en cuadrícula y optimización bayesiana contribuye a superar problemas comunes como el desvanecimiento del gradiente y el sobreajuste, mejorando la generalización del modelo",1/47.1-s2.0-S0306261922010170-main.pdf,fe601d3747bcbeae_chunk_0013,2,supporting_citation_from_draft,"temperature increases, due to open-circuit voltage, the power output decreases. These parameters play an important role in simulating the stochastic and complex behavior of incident solar radiation in gener­ ating future values. Hence the proposed model utilizes both univariate, and multivariate data to use the previously observed solar data sequence and other meteorological variables to forecast future solar irradiation. Abbreviations AI Artificial Intelligence ANN Artificial Neural network BiLSTM Bi-directional Long Short-Term Memory R2 Coefficient of Determination CNN Convolutional Neural Network DL Deep Learning GRU Gated Recurrent Units GHI Global Horizontal Irradiance LSTM Long Short-Term Memory ML Machine Learning MAE Mean absolute error MAPE Mean absolute percentage error MSE Mean squared error NRMSE Normalized Root Mean Squared Error POA Plane of Array PV Photovoltaic RMSE Root Mean Square Error RNN Recurrent Neural Network SVM Support Vector Machine N. Elizabeth Michael et al.",True
S3,S3_C5,"Sin embargo, estos modelos presentan mayor complejidad computacional y requieren tiempos de entrenamiento más prolongados, lo que puede limitar su aplicabilidad en contextos con restricciones de recursos computacionales",1/36.1-s2.0-S0960148122011387-main.pdf,553aa823184fcd93_chunk_0047,1,supporting_citation_from_draft,"having R2 score below 0.50. The methods used in this study can be used by organizations as baseline implementations to analyze and understand the solar energy prospects of the region, availing the opportunities and tackling the challenges that come with solar irradiance forecasting. Dataset availability The data used in this study can be accessed at the following link: https://drive.google.com/file/d/1It672Fxb2T4te4rPCpl9m5GTkk3 Fig. 8. Actual data against SARIMAX and Prophet Forecasted values. Table 5 Error metrics of statistical models. Model MSE RMSE MAE R2 Score SARIMAX 4037.75 63.54 35.23 0.948 Prophet 5931.51 77.01 44.13 0.924 Table 6 Comparison of DL models based on error metrics. Architecture Window Size MSE RMSE MAE R2 ANN (4,1) 1348.39 36.72 20.74 0.987 (12,3) 5816.27 76.26 40.28 0.944 (24,6) 7854.31 88.62 48.48 0.924 (48,24) 13329.96 115.45 70.44 0.872 CNN (4,1) 2309.05 48.05 28.42 0.977 (12,3) 6363.76 79.77 51.19 0.938 (24,6) 8082.32 89.90 57.72 0.922 (48,24) 19044.42 138.00 87.94 0.817 LSTM (4,1) 1653.34 40.66 23.84 0.984 (12,3) 8950.51 94.60 56.77 0.913 (12,6) 56595.03 237.89",True
S4,S4_C1,"Los modelos estadísticos tradicionales para el pronóstico de radiación solar se basan en relaciones matemáticas derivadas de leyes físicas fundamentales y variables meteorológicas, pero presentan limitaciones en la disponibilidad y calidad de datos, así como en la captura de dinámicas no lineales complejas de la irradiancia solar",1/62.1-s2.0-S0196890424001304-main.pdf,edc1bca565f3704c_chunk_0005,1,supporting_citation_from_draft,"data from multiple measurement sites for Global Horizontal Irradiation (GHI) assessment [3]. Some of these approaches take into account the influence of atmospheric conditions, particularly aerosols, on Direct Normal Irradiation (DNI) and the efficiency of solar tower plants [4]. Other methods employ advanced computational techniques such as machine learning algorithms [5], deep learning models [6], and hybrid models [7] as robust techniques for DNI forecasting. Each approach has its strengths and limitations, and the choice of method depends on the specific requirements of the application. Traditional methods for direct solar radiation forecasting rely on mathematical models that use meteorological data [8], and physical relationships, expressed as mathematical equations derived from fundamental physical laws (i.e., solar altitude angle, azimuth, clearness index, and turbidity), are key components of these models used for forecasting solar radiation. However, these methods have limitations, particularly in terms of the availability and quality of solar radiation measurement, climatological data, and other atmospheric parameters.",True
S4,S4_C2,"Las técnicas de descomposición de señales, como la Variational Mode Decomposition (VMD) y Sliding Window Decomposition (SWD), permiten fragmentar series temporales complejas en componentes más simples, facilitando la modelación y mejorando la precisión del pronóstico",1/62.1-s2.0-S0196890424001304-main.pdf,edc1bca565f3704c_chunk_0069,1,supporting_citation_from_draft,"solar irradiance at different timescales, enhancing the predictive accu­ racy of our model.Data pre-processing is consistent for each studied station. To validate the effectiveness of the integrated model for fore­ casting, the hybridization methods were compared to stand-alone ma­ chine learning models (GPR, LS-SVM, ELM, and RFR). All models are trained and tested using the same methodology, allowing for an accurate evaluation of their forecasting precision. For the benchmarking models, the inputs are determined by the optimum lags. For the GHA station, the inputs comprise 5 previous DNI components, whereas for the TAM sta­ tion, there are 7 previous DNI components. The CAR and CNR stations both utilize 5 previous DNI components. In hybrid models, the number of inputs is determined by the decomposed IMF components from both VMD and SWD, multiplied by the optimum lags. For instance, at the GHA station, the SWD algorithm decomposes the DNI data into 45 components, while the VMD algorithm breaks it down into 17 components. The combined input from these algorithms is Fig. 9. Forecasting results of various models TAM station. M. Guermoui et al.",True
S4,S4_C3,"La integración de estas técnicas con modelos de deep learning, específicamente redes neuronales convolucionales profundas (DCNN), ha demostrado superar a modelos tradicionales y de machine learning en la predicción de irradiancia directa normal (DNI), incluso bajo condiciones meteorológicas adversas",1/62.1-s2.0-S0196890424001304-main.pdf,edc1bca565f3704c_chunk_0078,1,supporting_citation_from_draft,"inherent limitations in processing complex patterns and rapid variations in solar irradiance, which are common in such meteorological condi­ tions. However, the suggested hybrid models were able to accurately forecast DNI with high precision, regardless of the weather conditions. In particular, the combination of SWD and VMD with deep CNN showed the highest accuracy and outperformed all other models. This superi­ ority is likely due to the hybrid models’ ability to decompose the DNI data into more analyzable components, enhancing their predictive ac­ curacy by effectively capturing both the macro and micro-level fluctu­ ations in solar irradiance. Our analysis reveals that the benchmarking model performed poorly Fig. 11. Forecasting results of various models of CAR station. Fig. 12. Friedman–Nemenyi test over all datasets and methods. Table 6 Comparison of the proposed SWD-VMD-DCNN model and its combination with RFF. Station Model nRMSE.(%) Number of used Uk-OCs GHA-Station SWD-VMD-DCNN 0.818 310 SWD-VMD-RFF-DCNN 0.822 295 TAM-Station SWD-VMD-DCNN 0.931 420 SWD-VMD-RFF-DCNN 0.936 372 CAR-Station SWD-VMD-DCNN 0.75 345 SWD-VMD-RFF-DCNN 0.76 300",True
S4,S4_C3,"La integración de estas técnicas con modelos de deep learning, específicamente redes neuronales convolucionales profundas (DCNN), ha demostrado superar a modelos tradicionales y de machine learning en la predicción de irradiancia directa normal (DNI), incluso bajo condiciones meteorológicas adversas",1/62.1-s2.0-S0196890424001304-main.pdf,edc1bca565f3704c_chunk_0077,2,supporting_citation_from_draft,"Energy Conversion and Management 304 (2024) 118189 14 outputs of our proposed model is depicted in Figs. 8–11. These visual representations enable a more intuitive understanding of the forecasting accuracy and the performance distinctions between the various models, facilitating a deeper appreciation of the hybrid models’ effectiveness. In Figs. 8-11, we present a comparison between the forecasted output of four machine learning models (LS-SVM, GPR, RFR, and ELM) and the corresponding measured DNI in four studied areas, as well as the developed hybrid models. According to our findings, machine-learning models (LS-SVM, GPR, RFR, and ELM) were unable to effectively capture the fluctuations of the DNI time series data, particularly in extreme weather conditions, espe­ cially on cloudy days. This shortcoming can be attributed to their inherent limitations in processing complex patterns and rapid variations in solar irradiance, which are common in such meteorological condi­ tions. However, the suggested hybrid models were able to accurately forecast DNI with high precision, regardless of the weather conditions.",True
S4,S4_C4,"Estos modelos híbridos requieren una cuidadosa selección de variables y preprocesamiento, como la selección de características mediante Random Forest Feature selection (RFF), para maximizar su efectividad y evitar sobreajuste",1/62.1-s2.0-S0196890424001304-main.pdf,edc1bca565f3704c_chunk_0069,1,supporting_citation_from_draft,"solar irradiance at different timescales, enhancing the predictive accu­ racy of our model.Data pre-processing is consistent for each studied station. To validate the effectiveness of the integrated model for fore­ casting, the hybridization methods were compared to stand-alone ma­ chine learning models (GPR, LS-SVM, ELM, and RFR). All models are trained and tested using the same methodology, allowing for an accurate evaluation of their forecasting precision. For the benchmarking models, the inputs are determined by the optimum lags. For the GHA station, the inputs comprise 5 previous DNI components, whereas for the TAM sta­ tion, there are 7 previous DNI components. The CAR and CNR stations both utilize 5 previous DNI components. In hybrid models, the number of inputs is determined by the decomposed IMF components from both VMD and SWD, multiplied by the optimum lags. For instance, at the GHA station, the SWD algorithm decomposes the DNI data into 45 components, while the VMD algorithm breaks it down into 17 components. The combined input from these algorithms is Fig. 9. Forecasting results of various models TAM station. M. Guermoui et al.",True
S4,S4_C5,"Por otro lado, modelos híbridos adaptativos que combinan características lineales, temporales y no lineales, y que incorporan aprendizaje en línea, han mostrado un desempeño aceptable en la predicción de intensidad solar, aunque con limitaciones para representar no linealidades complejas",1/56.153_Adaptive.pdf,bc3737df4f9e08a2_chunk_0005,1,supporting_citation_from_draft,"is not possible to represent any non-linearity. Because it shows fairly strong linearity between solar intensity and some meteorological variables, the overall performance of MLR in predicting solar intensity is acceptable and even good for some sunny days. 1.2. Adaptive Learning Hybrid Model In the data-based solar intensity forecasting problem, we have built the model exploring different characteristics of the data, including linearity, time series and non-linearity. It is also very important for the model to keep learning online as",True
S4,S4_C6,"En conjunto, la evidencia sugiere que la complementariedad entre técnicas de descomposición y modelos de inteligencia artificial es clave para mejorar la precisión del pronóstico solar en aplicaciones prácticas, como plantas termosolares, especialmente en regiones con limitaciones de datos y condiciones climáticas variables",1/62.1-s2.0-S0196890424001304-main.pdf,edc1bca565f3704c_chunk_0078,1,supporting_citation_from_draft,"inherent limitations in processing complex patterns and rapid variations in solar irradiance, which are common in such meteorological condi­ tions. However, the suggested hybrid models were able to accurately forecast DNI with high precision, regardless of the weather conditions. In particular, the combination of SWD and VMD with deep CNN showed the highest accuracy and outperformed all other models. This superi­ ority is likely due to the hybrid models’ ability to decompose the DNI data into more analyzable components, enhancing their predictive ac­ curacy by effectively capturing both the macro and micro-level fluctu­ ations in solar irradiance. Our analysis reveals that the benchmarking model performed poorly Fig. 11. Forecasting results of various models of CAR station. Fig. 12. Friedman–Nemenyi test over all datasets and methods. Table 6 Comparison of the proposed SWD-VMD-DCNN model and its combination with RFF. Station Model nRMSE.(%) Number of used Uk-OCs GHA-Station SWD-VMD-DCNN 0.818 310 SWD-VMD-RFF-DCNN 0.822 295 TAM-Station SWD-VMD-DCNN 0.931 420 SWD-VMD-RFF-DCNN 0.936 372 CAR-Station SWD-VMD-DCNN 0.75 345 SWD-VMD-RFF-DCNN 0.76 300",True
S5,S5_C1,"El preprocesamiento con lógica difusa permite manejar la incertidumbre y variabilidad rápida en variables meteorológicas, mejorando la precisión en pronósticos a muy corto plazo, como se evidencia en la reducción del MAPE de 46.3% a 43.1% al incluir lógica difusa en un modelo ANN, y hasta 29.6% al incorporar un factor de corrección adicional",1/37.Solar_Forecasting_using_ANN_with_Fuzzy_Logic_Pre-p.pdf,d3d05d271be6db98_chunk_0024,1,supporting_citation_from_draft,"to train the model. However, this is acceptable as the objective of this paper is to prove that the inclusion of the fuzzy logic pre-possessing and improved back-propagation algorithm will improve forecast error compared to a pure ANN model. The MAPEs of Model (i) - pure ANN, Model (ii) - ANN with fuzzy logic pre-processing, and Model (iii) improved ANN with error correction factor and fuzzy logic pre-processing are shown in Table 1 and Figure 3. It is evident that the Figure 2: Proposed ANN with fuzzy logic and improved back-propagation model. Figure 3: Daily MAPE for month of April 2017. Table 1. Numerical results Model MAPE Model (i) 46.3% Model (ii) 43.1% Model (iii) 29.6%",True
S5,S5_C2,"La clasificación y clustering de datos meteorológicos según condiciones climáticas facilita la adaptación de modelos a diferentes escenarios, incrementando la exactitud del pronóstico, como se observa en la mejora de la precisión de modelos SVM, ANN y NAR al aplicar k-means clustering para segmentar datos en días soleados, parcialmente nublados y nublados",1/49.bae2016.pdf,f8b0f0723b47dd54_chunk_0045,1,supporting_citation_from_draft,"NAR and ANN schemes in those days. The measured and predicted values are similar for the NAR, ANN, and SVM schemes during the next three sunny days. Table II summarizes the numerical results of the average MRE, average RMSE, and R2 of each prediction scheme with one-hour prediction horizon for non-clustered data. The numerical results show that the RMSE, MRE, and R2 of the SVM scheme for non-clustered data are 58.72 [W/m2], 3.82%, and 0.9562, respectively, which are more accurate than those of the NAR and ANN schemes. C. Prediction Results for Solar Irradiance: Clustered Data In the testing stage for clustered data, three different prediction schemes (NAR, ANN, and the proposed SVM) are compared by using the same clustered data. Fig. 5 compares the predicted solar irradiance of three prediction schemes with the measured solar irradiance for sunny days. Since the overall prediction accuracy is improved by data clustering for sunny days, we can observe that small errors occur between the measured and predicted solar irradiance of each prediction scheme. In particular, the result of the proposed SVM scheme well approaches the measured solar irradiance. In sunny days,",True
S5,S5_C3,"El uso de modelos híbridos que integran preprocesamiento avanzado con redes neuronales y machine learning tradicional ha demostrado mejoras cuantificables en métricas de error, evidenciado en métodos que combinan detección de posición solar, clasificación de píxeles mediante k-means y predicción de movimiento de nubes con técnicas de flujo óptico, logrando mejores resultados en RMSE para predicciones a 5 minutos en comparación con métodos tradicionales",1/48.1-s2.0-S0960148122015567-main.pdf,fa4c26901738dbee_chunk_0049,1,supporting_citation_from_draft,"Renewable Energy 200 (2022) 1490–1505 1497 position of the sun, it is necessary to know the latitude, longitude, hour, and day information of the area and time of the experimental setup. In addition, it is necessary to correct the distortions in the image caused by the fisheye lens and determine the sun’s position on the corrected image. Due to these requirements, the work and computational load increase. However, the requirement of location and time information of the place where the system is intended to be used limits the system’s portability. For these reasons, the proposed study aims to develop an algorithm that does not require location and time information and can work wherever the system is placed. Akseker [40] examined many different methods used in the literature to determine the sun’s location in the image and observed that the method used by Yamashita, Yoshimura [41] gave the most successful results. In the study carried out, the sun’s position in the image is determined using the related method. In this method, indices called sky index (SI) and brightness index (BI) are defined, and related indices are",True
S5,S5_C4,"Estas técnicas son especialmente útiles para manejar la intermitencia y variabilidad de la irradiancia solar en regiones con alta nubosidad o condiciones atmosféricas complejas, dado que permiten una clasificación más precisa de nubes y cielo, corrigiendo errores de clasificación por brillo y mejorando la determinación de clases solares, nubosas y de cielo",1/48.1-s2.0-S0960148122015567-main.pdf,fa4c26901738dbee_chunk_0056,1,supporting_citation_from_draft,"Renewable Energy 200 (2022) 1490–1505 1498 is decided that the front of the sun is entirely closed, all pixels in the created mask are classified as clouds. On the other hand, the sun front is evaluated as entirely or partially open, the K-means clustering method is used to perform the classifications. This method is aimed to correctly classify the sky and actual cloud pixels in the vicinity of the sun. As a result of the classification, pixels with classes different from the K-means class located in the sun center are deleted and labeled as the sky. Thus, the classification of pixels around the sun that are incorrectly classified as clouds due to brightness are corrected as the sky. Pixels located in the center of the sun and having the same class as the K-means class are classified according to whether they are detected as the sun or not. If the relevant pixel is classified as a sun pixel during the sun clas­ sification stage, it remains a sun pixel; if not, it is classified as a cloud pixel. In this way, the sun, cloud, and sky classes around the sun can be determined more accurately. 2.4. Cloud motion forecasting",True
