section_id,source_filename,chunk_id,text,score,retrieval_method,hybrid_selection_method,selection_source,quantitative_values,quantitative_metrics,verification_statuses,marginal_quantitative_values,marginal_quantitative_count,retrieval_methods,component_ranks,component_scores,hybrid_score
S2,1/39.MLP_Back_Propagation_Artificial_Neural_Network_for.pdf,696fb1df0f31a0b4_chunk_0015,"daily solar irradiation measurements in 2004. Fig. 2. Daily solar irradiation (2004). The weather in Fortaleza is characterized by a rainy and dry season, due to the presence of the Intertropical Convergence Zone. Dry period occurs in the second half of the year. Consequently, during this period there is a higher incidence of solar irradiation on the surface due to the absence of cloud cover. Rainy season, characterized by a lower solar irradiation, occurs in the first half of the year. For validation of the ANN results, the rest of the data (30% of the collected data) of solar irradiance and temperature (219 days, 18,421 measurements) are used in order to verify the network operation for hitherto unknown inputs (generalization step). It is worth mentioning that, in the region of the study, the climate is well defined throughout the year, therefore, this climatic characteristic causes the neural network to be able to carry out predictions of later years. With these results, weighted errors are calculated. Solar prediction errors are found at different times of the day, with different levels of solar resource availability [5]. If a",0.6259012222290039,chroma_restricted,hybrid_plus_confirmed_quantitative_greedy,hybrid_base_quota,,,,,,,,,
S2,1/39.MLP_Back_Propagation_Artificial_Neural_Network_for.pdf,696fb1df0f31a0b4_chunk_0014,"considered in the present analysis. Irradiance Data collection was performed using a pyranometer (NRG Systems, LI-200SZ). Temperature data were obtained from a temperature sensor (NRG Systems, # 110S), with an accuracy of ± 1.11°C and operating between -40°C and 52.5°C. Data were collected and stored by means of spreadsheets at intervals of 10 min, obtained by means of arithmetic means from data processed every 2 s. Solar irradiance and temperature data were collected from May 2003 to April 2005, totaling 24 months of data, resulting in 61,404 measurements for solar irradiance and the same for temperature, since measurements were from 05:00 hours to 18:00 hours. For MLP Backpropagation ANN training, 70% of the collected irradiance and temperature data (512 days, 43,008 measurements) were used. Figure 2 shows daily solar irradiation measurements in 2004. Fig. 2. Daily solar irradiation (2004). The weather in Fortaleza is characterized by a rainy and dry season, due to the presence of the Intertropical Convergence Zone. Dry period occurs in the second half of the year. Consequently, during this period there is a",0.6024516820907593,chroma_restricted,hybrid_plus_confirmed_quantitative_greedy,hybrid_base_quota,,,,,,,,,
S2,1/33.An-LM-BP-Neural-Network-Approach-to-Estimate-Monthly-Mean-Daily-Global-Solar-Radiation-Using-MODIS-Atmospheric-Products.pdf,42891eb1891ec233_chunk_0008,"past ten years, many scholars [15–20] have begun to use ANN models to simulate solar radiation. These research can be divided into several categories, including: (1) Comparing the simulation accuracy of ANNs with different input parameters. Rao et al. [21] used different combinations of daily minimum temperature (Tmin), daily maximum temperature (Tmax), the difference of daily maximum and minimum temperature (DT), sunshine duration (S0), theoretical sunshine duration (S) and extraterrestrial radiation (H0) to train an ANN; six ANN models were developed to estimate mean daily global solar radiation. The results that the showed a combination of DT and H0 gave the best prediction of the Relative Root Mean Square Error (RRMSE), being as little as 3.96%; (2) Comparing neural network models with other models. Teket et al. [22] compared 91 models for simulating solar radiation; these models can be summarized as linear models, nonlinear models, mixed models, and neural network models. The percentage errors were 3.62%, 2.50% to 6.93%, 0.14 to 6.93%, and 0.30%, respectively; (3) comparing the neural network models with different algorithms. For example, based",0.5679153203964233,chroma_restricted,hybrid_plus_confirmed_quantitative_greedy,hybrid_base_quota,,,,,,,,,
S2,1/34.praynlin2017.pdf,12ed2391bde9cd16_chunk_0005,"hourly premise [6] utilizing several forecasting methods. One of the prediction or forecasting methodologies being followed in recent times is the artificial intelligent techniques to predict the solar radiation [7] since it eliminates the constraints of classical approaches by extracting the desired data using input information [8]. ANNs have appeared to be more appropriate to predict solar radiation than other experimental regression models. The ANNs are broadly utilized as a part of different fields of arithmetic, engineering, meteorology, economics and in versatile control and robotics, in electrical and warm load predictions and numerous different subjects [9]. ANN can be used for both the modeling and prediction of solar radiation data [10]. In [11] global solar radiation can be predicted using two layer feed-forward back propagation network with one input parameter. This model needs more training data to increase its accuracy. Several parameter models are not convenient in this method. Radial Basis function (RBF) [12] and Multilayer Perceptron (MLP) have been proposed for long haul data analysis. The Radial Basis Function and Multilayer Perceptron",0.07042253521126761,csv_lexical_ranked_experimental,hybrid_plus_confirmed_quantitative_greedy,hybrid_base_quota,,,,,,,,,
S2,1/39.MLP_Back_Propagation_Artificial_Neural_Network_for.pdf,696fb1df0f31a0b4_chunk_0002,"Phone/Fax number:+34956028166, e-mail: luis.fernandez@uca.es 3 Department of Industrial Mechatronics Federal Institute of Education, Science and Technology – IFCE Campus Limoeiro do Norte, Rua Estevão Remígio de Freitas, 1145 - Monsenhor Otávio, Limoeiro do Norte, 62930-000, Ceará (Brazil) Phone/Fax number:+558834476400, e-mail: josileudorodrigues@hotmail.com Abstract. Renewable energy (RE) resources such as solar are increasingly being used worldwide. Solar resource shows high availability, but presents an intermittent characteristic, causing oscillations in the electricity production. Intermittence is one of the main barriers for the use of solar plants in a system that needs to balance demand and electricity production. Aiming to contribute to a larger use of the solar resource in the world energy matrix, we propose a solar irradiance prediction methodology, developed from data collected in Fortaleza-CE (latitude: −03° 43′, longitude: −38° 32′). Predictions were developed using Multilayer Perceptron (MLP) Back propagation Artificial Neural Network (ANN) with the advance of 1 hour. In the best ANN performance, 41.9% of the predictions obtained up",0.07042253521126761,csv_lexical_ranked_experimental,hybrid_plus_confirmed_quantitative_greedy,hybrid_base_quota,,,,,,,,,
S2,1/39.MLP_Back_Propagation_Artificial_Neural_Network_for.pdf,696fb1df0f31a0b4_chunk_0003,"methodology, developed from data collected in Fortaleza-CE (latitude: −03° 43′, longitude: −38° 32′). Predictions were developed using Multilayer Perceptron (MLP) Back propagation Artificial Neural Network (ANN) with the advance of 1 hour. In the best ANN performance, 41.9% of the predictions obtained up to 5% of error, 58.7% obtained errors lower than 10% and 68.6% obtained errors lower than 15%. MAPE (mean absolute percentage error) of 6.11% was found, which can be considered good, since errors found in previous works reached 20%. Key words Solar Predictability, Solar Energy, Artificial Neural Networks. 1. Introduction There is a growing search for new sources of energy worldwide in order to complement the electricity supply. Additionally, according to United Nations projections [1], in 2050 the world population will increase approximately 29%, going from the current 7.55 billion inhabitants to 9.77 billion inhabitants [1]-[2], making it clear that energy demand will continue to expand. Therefore, better techniques are needed to produce, store and distribute energy, taking into account technical, financial and environmental factors.",0.07042253521126761,csv_lexical_ranked_experimental,hybrid_plus_confirmed_quantitative_greedy,hybrid_base_quota,,,,,,,,,
S2,1/33.An-LM-BP-Neural-Network-Approach-to-Estimate-Monthly-Mean-Daily-Global-Solar-Radiation-Using-MODIS-Atmospheric-Products.pdf,42891eb1891ec233_chunk_0023,"with R = 0.96). MBE is minimum (equal to 0.12 MJ·m−2) when the ANN conﬁguration with 5
neurons in the hidden layer. It is indicated that the training results were hardly improved further
when the number of neurons in the hidden layer became greater than 7. The more the number of
neurons, the not higher the accuracy. The reason is that the more the number of hidden layers,
the more the nodes, which leads to more weights and errors, hence, the accuracy of the network
drops. From the above consideration, an ANN conﬁguration with 7 neurons was applied.
Table 1. Training results for different conﬁgurations in the hidden layer.
n
Transfer Function
Training Function
R
RMSE/
MJ·m−2
MBE/
MJ·m−2
Hidden Layer
Output Layer
4
tan-sigmoid
purelin
trainlm
0.94
1.59
0.13
5
tan-sigmoid
purelin
trainlm
0.93
1.66
0.12
6
tan-sigmoid
purelin
trainlm
0.94
1.60
0.44
7
tan-sigmoid
purelin
trainlm
0.96
1.34
0.21
8
tan-sigmoid
purelin
trainlm
0.93
1.65
0.27
9
tan-sigmoid
purelin
trainlm
0.92
2.12
1.15
10
tan-sigmoid
purelin
trainlm
0.94
1.66
0.52
11
tan-sigmoid
purelin
trainlm
0.90
1.99
0.42
12
tan-sigmoid
purelin
trainlm
0.92
1.76
0.19
13
tan-sigmoid
purelin
trainlm
0.93
1.73
0.20",5.0,quantitative_confirmed_chunk,hybrid_plus_confirmed_quantitative_greedy,confirmed_quantitative_greedy_quota,"['0.21', '0.96', '1.34', '2', '7']","['MBE', 'R', 'RMSE', 'neurons_hidden_layer']",['confirmed_in_source_chunk'],"['0.21', '0.96', '1.34']",3.0,,,,
S2,1/39.MLP_Back_Propagation_Artificial_Neural_Network_for.pdf,696fb1df0f31a0b4_chunk_0020,"hour in advance, totaling 18,421 forecasts, or 219 
forecast days. Test period was performed from 
September 23, 2004 to April 30, 2005. 
Predictions of solar irradiance follow the behavior of the 
solar resource, demonstrating that the method is able to 
give values close to the observations in several hours of 
the period. The highest value of predicted solar irradiance 
for the 1st test was 1,144.2 W/m², while the measured 
value was 1,371 W/m², which is an understatement of 
16.6 %. For the second test, the highest value of 
predicted 
solar 
irradiance 
was 
1,449.33 
W/m², 
characterizing an overestimation of 5.71%. For the first 
test, the largest difference between forecast and collected 
data was 99%, the lowest of 0% (no error). For the 
second test, the largest difference was 93.77% and the 
lowest of 0%. 
In the first test, 41.9% of the predictions obtained up to 
5% of error, 58.7% of the predictions obtained errors less 
than 10% and 68.6% of the predictions errors less than 
15%. 
In the second test, 34.87% of the predictions obtained up 
to 5% of error, 53.94% of the predictions obtained errors 
less than 10% and 67.42% of the predictions errors less",3.0,quantitative_confirmed_chunk,hybrid_plus_confirmed_quantitative_greedy,confirmed_quantitative_greedy_quota,"['58.7', '58.7%', '99%']","['MAPE', 'maximum_error', 'percentage_predictions_error_less_than_10%']",['confirmed_in_source_chunk'],['99%'],1.0,,,,
S3,1/58.1-s2.0-S0306261921005158-main.pdf,e1bf718cbfa6854b_chunk_0104,"summer, autumn and winter) for all locations. However, it has been observed that the seasonal error distribution of developed is highly influenced by the climate of the location. For instance, the proposed LSTM–CNN model has shown highly improved prediction results in those seasons when prediction errors of other considered models are relatively high. • Finally, the proposed hybrid LSTM–CNN model has shown highly improved prediction accuracy in different sky conditions (cloudy, mixed and sunny) for different climatic locations. Conclusively, the proposed LSTM–CNN model digs out the potential of deep learning and their hybrid models for GHI prediction. LSTM– CNN efficiently extracts the intrinsic and hidden tempo-spatial features from the multivariate time-series meteorological and GHI data that highly influence the GHI prediction. Moreover, the proposed LSTM– CNN model is highly stable, which effectively predicts GHI irrespective of the seasonal variations and sky conditions. The simulation results obtained in the present study illustrate that the proposed deep hybrid LSTM–CNN model exhibits excellent performance in predicting hourly global horizontal irradiance under different",0.6751204133033752,chroma_restricted,hybrid_plus_confirmed_quantitative_greedy,hybrid_base_quota,,,,,,,,,
S3,1/58.1-s2.0-S0306261921005158-main.pdf,e1bf718cbfa6854b_chunk_0002,"effective participation in the energy market. This study proposes a new hybrid deep learning model, namely long short term memory–convolutional neural network (LSTM–CNN), for hourly GHI forecasting, which models the spatio-temporal features by integrating the long short term memory (LSTM) and convolutional neural network (CNN) model. The proposed model is trained with the meteorological data of 23 locations of California State, USA, which includes temperature, precipitation, relative humidity, cloud cover, etc., as input parameters. The proposed hybrid LSTM–CNN model firstly uses LSTM to extract the temporal features from time-series solar irradiance data, followed by CNN, which extracts the spatial features from the correlation matrix of several meteorological variables of target and its neighbor location. The prediction accuracy of the developed model is analyzed rigorously by examining the performance for a year, for four seasons and under three sky conditions. Besides, the proposed LSTM–CNN model shows a forecast skill score in a range of about 37%–45% over few standalone models, including smart persistence, support vector machine, artificial neural network, LSTM, CNN",0.6570838093757629,chroma_restricted,hybrid_plus_confirmed_quantitative_greedy,hybrid_base_quota,,,,,,,,,
S3,1/59.1-s2.0-S0960148120315652-main.pdf,4237f959d87fe007_chunk_0036,"2.5.2. Model selection (4). Before training, the whole hyper-parameters of the network are initialized. The reconstructed training dataset is used to train ﬁve different hybrid CNN-LSTM networks to understand how to apply the concept, to learn and produce results. (5). During tuning model hyper-parameters, the validation dataset is used to provide an unbiased evaluation of CNNLSTM ﬁt on the training dataset. (6). Finally, the optimal hyper-parameter models of CNN-LSTM networks found by the grid-search are saved. 2.5.3. Performance evaluation (7). The test dataset is employed to provide forecasting results for optimal model. And then the forecast results are visualized and evaluated. 3. Solar irradiance data description In this work, measured irradiance taken from meteorological ground stations is used to forecast irradiance for the next hour. There are four real-world datasets applied to evaluate the performance of the proposed model in hourly-ahead forecasts of the irradiance. The locations of these collected datasets are displayed in Fig. 9. The ﬁrst three datasets from Los Angeles (19730N 156060W, California, USA), Denver (39440N, 105110W, Colorado, USA) and",0.6521222591400146,chroma_restricted,hybrid_plus_confirmed_quantitative_greedy,hybrid_base_quota,,,,,,,,,
S3,1/47.1-s2.0-S0306261922010170-main.pdf,fe601d3747bcbeae_chunk_0013,"temperature increases, due to open-circuit voltage, the power output decreases. These parameters play an important role in simulating the stochastic and complex behavior of incident solar radiation in gener­ ating future values. Hence the proposed model utilizes both univariate, and multivariate data to use the previously observed solar data sequence and other meteorological variables to forecast future solar irradiation. Abbreviations AI Artificial Intelligence ANN Artificial Neural network BiLSTM Bi-directional Long Short-Term Memory R2 Coefficient of Determination CNN Convolutional Neural Network DL Deep Learning GRU Gated Recurrent Units GHI Global Horizontal Irradiance LSTM Long Short-Term Memory ML Machine Learning MAE Mean absolute error MAPE Mean absolute percentage error MSE Mean squared error NRMSE Normalized Root Mean Squared Error POA Plane of Array PV Photovoltaic RMSE Root Mean Square Error RNN Recurrent Neural Network SVM Support Vector Machine N. Elizabeth Michael et al.",0.09090909090909091,csv_lexical_ranked_experimental,hybrid_plus_confirmed_quantitative_greedy,hybrid_base_quota,,,,,,,,,
S3,1/55.1-s2.0-S0960148123001179-main.pdf,97a519d416f69b74_chunk_0001,"Renewable Energy 206 (2023) 135–147 Available online 7 February 2023 0960-1481/© 2023 Elsevier Ltd. All rights reserved. Deep learning based long-term global solar irradiance and temperature forecasting using time series with multi-step multivariate output Narjes Azizi , Maryam Yaghoubirad , Meisam Farajollahi *, Abolfzl Ahmadi Department of Energy Systems, School of Advanced Technologies, Iran University of Science and Technology, Narmak, Tehran, Iran A R T I C L E I N F O Keywords: Solar irradiance forecasting Deep learning Time series Long-term prediction Multi-step multivariate output A B S T R A C T Solar radiation’s intermittent and fluctuating nature poses severe limitations for most applications. Accurate prediction of solar radiation is an essential factor in predicting the output power of a photovoltaic power system. For this purpose, the potential of the 20 MW solar photovoltaic power plant in Zahedan city has been evaluated in this article. With the help of monthly data (1984–2021) and MLP, LSTM, GRU, CNN, and CNN-LSTM models, solar radiation and temperature are predicted for the next ten years. CNN exhibits the best performance",0.07792207792207792,csv_lexical_ranked_experimental,hybrid_plus_confirmed_quantitative_greedy,hybrid_base_quota,,,,,,,,,
S3,1/55.1-s2.0-S0960148123001179-main.pdf,97a519d416f69b74_chunk_0009,"GRU-based model had the best performance in terms of MAPE [25]. Deep learning techniques, including RNN, LSTM, and GRU, were pro­ posed for the prediction of solar energy, and it was observed that LSTM and RNN are slightly better than the GRU model due to their capability to preserve long-term dependencies [26]. Also, it was shown that GRU and LSTM significantly improve forecasting accuracy when using multivariate data compared to univariate data [27]. CNNs are also efficient in time-series problems [28]. In another study, CNN was implemented for short-term load forecasting. The model was observed to be very flexible and capable of handling forecasting Nomenclature Symbol Evap Evaporation ISC Short circuit current PO Output power RHMAX Relative Humidity at maximum temperature RHMIN Relative Humidity at minimum temperature TMAX maximum temperature TMIN minimum temperature VOC Open circuit voltage Greek symbols α Temperature Coefficients of ISC β Temperature Coefficients of VOC acronyms ANN Artificial Neural Network ARMA Autoregressive Moving Average ARIMA Autoregressive Integrated Moving Average CLSTM Convolutional Long Short-Term Memory",0.07792207792207792,csv_lexical_ranked_experimental,hybrid_plus_confirmed_quantitative_greedy,hybrid_base_quota,,,,,,,,,
S3,1/36.1-s2.0-S0960148122011387-main.pdf,553aa823184fcd93_chunk_0047,"having R2 score below 0.50. The methods used in this study can be used 
by organizations as baseline implementations to analyze and understand 
the solar energy prospects of the region, availing the opportunities and 
tackling the challenges that come with solar irradiance forecasting. 
Dataset availability 
The data used in this study can be accessed at the following link: 
https://drive.google.com/file/d/1It672Fxb2T4te4rPCpl9m5GTkk3 
Fig. 8. Actual data against SARIMAX and Prophet Forecasted values. 
Table 5 
Error metrics of statistical models. 
Model 
MSE 
RMSE 
MAE 
R2 Score 
SARIMAX 
4037.75 
63.54 
35.23 
0.948 
Prophet 
5931.51 
77.01 
44.13 
0.924 
Table 6 
Comparison of DL models based on error metrics. 
Architecture 
Window Size 
MSE 
RMSE 
MAE 
R2 
ANN 
(4,1) 
1348.39 
36.72 
20.74 
0.987 
(12,3) 
5816.27 
76.26 
40.28 
0.944 
(24,6) 
7854.31 
88.62 
48.48 
0.924 
(48,24) 
13329.96 
115.45 
70.44 
0.872 
CNN 
(4,1) 
2309.05 
48.05 
28.42 
0.977 
(12,3) 
6363.76 
79.77 
51.19 
0.938 
(24,6) 
8082.32 
89.90 
57.72 
0.922 
(48,24) 
19044.42 
138.00 
87.94 
0.817 
LSTM 
(4,1) 
1653.34 
40.66 
23.84 
0.984 
(12,3) 
8950.51 
94.60 
56.77 
0.913 
(12,6) 
56595.03 
237.89",3.0,quantitative_confirmed_chunk,hybrid_plus_confirmed_quantitative_greedy,confirmed_quantitative_greedy_quota,"['0.97', '0.987', '36.72']","['RMSE', 'R²', 'neural_networks_short_term_R2']",['confirmed_in_source_chunk'],"['0.97', '0.987', '36.72']",3.0,,,,
S3,1/43.1-s2.0-S1877050917318392-main.pdf,a6d33f85b06e45e7_chunk_0031,"Figure 12 shows a sample of training data in four different weather conditions: few clouds, scattered, overcast, 
and clear-sky. The results of the predictive model are shown in Fig. 13. The actual data plotted with the standard 
deviation of the predictive model is plotted as well because the experiments had different random initializations. The 
average RMSE of the DRNN is 0.0513 in training and 0.068 in testing. On the other hand, the average RMSE of the 
DRNN is 0.0746 in training and 0.086 in testing. This method gives promising results, as the RMSE is the lowest. 
Table 1 shows a comparison of different prediction methods. The comparison was made on the test dataset. A 
feedforward neural network was implemented using one hidden layer with 21 neurons. It was trained using the 
Levenberg–Marquardt algorithm. The training was stopped early to avoid the overfitting issues. FNN has the 
poorest performance among the other methods. The support vector machine has better performance than FNN. 
However, the deep learning LSTM outperforms other methods. 
Table 1: Performance test 
Method 
RMSE 
MBE 
FNN 
0.16 
0.005 
SVR 
0.11 
0.0042 
Deep Learning (LSTM) 
0.086 
0.004",3.0,quantitative_confirmed_chunk,hybrid_plus_confirmed_quantitative_greedy,confirmed_quantitative_greedy_quota,"['0.068', '0.11', '0.16']",['RMSE'],['confirmed_in_source_chunk'],"['0.068', '0.11', '0.16']",3.0,,,,
S4,1/62.1-s2.0-S0196890424001304-main.pdf,edc1bca565f3704c_chunk_0069,"solar irradiance at different timescales, enhancing the predictive accu­ racy of our model.Data pre-processing is consistent for each studied station. To validate the effectiveness of the integrated model for fore­ casting, the hybridization methods were compared to stand-alone ma­ chine learning models (GPR, LS-SVM, ELM, and RFR). All models are trained and tested using the same methodology, allowing for an accurate evaluation of their forecasting precision. For the benchmarking models, the inputs are determined by the optimum lags. For the GHA station, the inputs comprise 5 previous DNI components, whereas for the TAM sta­ tion, there are 7 previous DNI components. The CAR and CNR stations both utilize 5 previous DNI components. In hybrid models, the number of inputs is determined by the decomposed IMF components from both VMD and SWD, multiplied by the optimum lags. For instance, at the GHA station, the SWD algorithm decomposes the DNI data into 45 components, while the VMD algorithm breaks it down into 17 components. The combined input from these algorithms is Fig. 9. Forecasting results of various models TAM station. M. Guermoui et al.",0.6211545467376709,chroma_restricted,hybrid_plus_confirmed_quantitative_greedy,hybrid_base_quota,,,,,,,,,
S4,1/62.1-s2.0-S0196890424001304-main.pdf,edc1bca565f3704c_chunk_0005,"data from multiple measurement sites for Global Horizontal Irradiation (GHI) assessment [3]. Some of these approaches take into account the influence of atmospheric conditions, particularly aerosols, on Direct Normal Irradiation (DNI) and the efficiency of solar tower plants [4]. Other methods employ advanced computational techniques such as machine learning algorithms [5], deep learning models [6], and hybrid models [7] as robust techniques for DNI forecasting. Each approach has its strengths and limitations, and the choice of method depends on the specific requirements of the application. Traditional methods for direct solar radiation forecasting rely on mathematical models that use meteorological data [8], and physical relationships, expressed as mathematical equations derived from fundamental physical laws (i.e., solar altitude angle, azimuth, clearness index, and turbidity), are key components of these models used for forecasting solar radiation. However, these methods have limitations, particularly in terms of the availability and quality of solar radiation measurement, climatological data, and other atmospheric parameters.",0.586197555065155,chroma_restricted,hybrid_plus_confirmed_quantitative_greedy,hybrid_base_quota,,,,,,,,,
S4,1/62.1-s2.0-S0196890424001304-main.pdf,edc1bca565f3704c_chunk_0078,"inherent limitations in processing complex patterns and rapid variations in solar irradiance, which are common in such meteorological condi­ tions. However, the suggested hybrid models were able to accurately forecast DNI with high precision, regardless of the weather conditions. In particular, the combination of SWD and VMD with deep CNN showed the highest accuracy and outperformed all other models. This superi­ ority is likely due to the hybrid models’ ability to decompose the DNI data into more analyzable components, enhancing their predictive ac­ curacy by effectively capturing both the macro and micro-level fluctu­ ations in solar irradiance. Our analysis reveals that the benchmarking model performed poorly Fig. 11. Forecasting results of various models of CAR station. Fig. 12. Friedman–Nemenyi test over all datasets and methods. Table 6 Comparison of the proposed SWD-VMD-DCNN model and its combination with RFF. Station Model nRMSE.(%) Number of used Uk-OCs GHA-Station SWD-VMD-DCNN 0.818 310 SWD-VMD-RFF-DCNN 0.822 295 TAM-Station SWD-VMD-DCNN 0.931 420 SWD-VMD-RFF-DCNN 0.936 372 CAR-Station SWD-VMD-DCNN 0.75 345 SWD-VMD-RFF-DCNN 0.76 300",0.5842246413230896,chroma_restricted,hybrid_plus_confirmed_quantitative_greedy,hybrid_base_quota,,,,,,,,,
S4,1/62.1-s2.0-S0196890424001304-main.pdf,edc1bca565f3704c_chunk_0012,"to prevent overfitting. The model, trained on six months of DNI data, consists of two ANNs tailored to different seasonal variations and out­ performs the average persistence model in forecasting accuracy by over 20 %. In another work [13], researchers proposed a sector-ladder method using a total sky imager for very short-term DNI forecasting up to 20 min, achieving better results than existing methods. Another study [14] developed a k-Nearest Neighbors (kNN) model for intra-hour irradiance forecasting. This model, focusing on time series data rather than sky image features, proved more effective, especially on clear days. In [15], the authors propose an intra-hour DNI forecasting method Nomenclature Acronyms ANFIS Adaptive Network-based Fuzzy Inference System. ANN Artificial Neural Network AOD Aerosol Optical Depth BDSCA Balance-Dynamic Sine–Cosine BNI Beam Normal Irradiation CMV Ground-based Cloud Motion Vector CSM Clear Sky Model CSP Concentrating Solar Power DCNN Deep Convolutional Neural Network DHI Diffuse Irradiation DNI Direct Normal Irradiation EG Electrical Energy Ei Annual Intercepted energy ELM Extreme Learning Machine GA",0.07692307692307693,csv_lexical_ranked_experimental,hybrid_plus_confirmed_quantitative_greedy,hybrid_base_quota,,,,,,,,,
S4,1/62.1-s2.0-S0196890424001304-main.pdf,edc1bca565f3704c_chunk_0017,"daily DNI forecasting in Botucatu, Brazil, analyzing 13 years of data. They found that SVM notably outperformed statistical models, espe­ cially in daily forecasting with nRMSE of 19.39 % and rMBE = 0.60 %, using the best-selected input sets: clearness index kt, of global radiation, integrated solar constant Hsc, and Insolation Ratio Γ′. Deep-learning approaches can effectively leverage large volumes of data and automatically learn complex patterns and relationships be­ tween various input variables and output irradiance. Hosseini et al. [18] proposed multivariate Gated Recurrent Units (GRU) and Long Short- Term Memory (LSTM) for multi-step DNI forecasting (15 min to 3 h), incorporating data like Solar Zenith Angle, humidity, temperature, wind direction, and wind speed along with cloud cover from the past 24,48, and 72 h. The data, sourced from Denver’s Data Center (2009–2015), showed that for one-hour forecasts, multivariate models outperformed univariate ones in RMSE and MAPE. The multivariate LSTM model showed a slight improvement, with an RMSE of 74.83 W/m2 compared to the GRU model with 76.51 W/m2. In paper [6], a new hybrid model",0.07692307692307693,csv_lexical_ranked_experimental,hybrid_plus_confirmed_quantitative_greedy,hybrid_base_quota,,,,,,,,,
S4,1/62.1-s2.0-S0196890424001304-main.pdf,edc1bca565f3704c_chunk_0073,"models with a remarkable improvement. Based on the numerical results reported in Tables 2-5 for the four examined locations, it is clear that the machine learning models produced predicting errors ranging from 25.09 to 51.02 in terms of nRMSE. These results suggest that standard models are unsuitable for CSP management and monitoring since their mistakes are relatively significant and need an alternative forecasting model. This inadequacy can be attributed to the limited feature extraction capabil­ ities and inability to effectively handle the variability and complexity inherent in solar irradiance data. The hybrid models described in this paper provide a novel and enhanced method for DNI forecasting. Our findings show that the VMD-DCNN and SWD-DCNN hybrid models outperform standard machine learning models in all examined regions, demonstrating high forecasting precision.This superior performance can be linked to their ability to decompose the DNI time series into more manageable and representative components, allowing for a more detailed and accurate analysis. The well-known VMD with a deep CNN model produced forecasting",0.07692307692307693,csv_lexical_ranked_experimental,hybrid_plus_confirmed_quantitative_greedy,hybrid_base_quota,,,,,,,,,
S4,1/62.1-s2.0-S0196890424001304-main.pdf,edc1bca565f3704c_chunk_0077,"Energy Conversion and Management 304 (2024) 118189 14 outputs of our proposed model is depicted in Figs. 8–11. These visual representations enable a more intuitive understanding of the forecasting accuracy and the performance distinctions between the various models, facilitating a deeper appreciation of the hybrid models’ effectiveness. In Figs. 8-11, we present a comparison between the forecasted output of four machine learning models (LS-SVM, GPR, RFR, and ELM) and the corresponding measured DNI in four studied areas, as well as the developed hybrid models. According to our findings, machine-learning models (LS-SVM, GPR, RFR, and ELM) were unable to effectively capture the fluctuations of the DNI time series data, particularly in extreme weather conditions, espe­ cially on cloudy days. This shortcoming can be attributed to their inherent limitations in processing complex patterns and rapid variations in solar irradiance, which are common in such meteorological condi­ tions. However, the suggested hybrid models were able to accurately forecast DNI with high precision, regardless of the weather conditions.",0.028006267136701922,multi_query_rrf,hybrid_plus_confirmed_quantitative_greedy,hybrid_completion,,,,,,"['chroma_restricted', 'csv_lexical_restricted']","{'chroma_restricted': 9, 'csv_lexical_restricted': 14}","{'chroma_restricted': 0.5136488080024719, 'csv_lexical_restricted': 0.05128205128205128}",0.028006267136701922
S4,1/56.153_Adaptive.pdf,bc3737df4f9e08a2_chunk_0005,"is not possible to represent any non-linearity. Because it shows fairly strong linearity between solar intensity and some meteorological variables, the overall performance of MLR in predicting solar intensity is acceptable and even good for some sunny days. 1.2. Adaptive Learning Hybrid Model In the data-based solar intensity forecasting problem, we have built the model exploring different characteristics of the data, including linearity, time series and non-linearity. It is also very important for the model to keep learning online as",0.02786377708978328,multi_query_rrf,hybrid_plus_confirmed_quantitative_greedy,hybrid_completion,,,,,,"['chroma_restricted', 'csv_lexical_restricted']","{'chroma_restricted': 16, 'csv_lexical_restricted': 8}","{'chroma_restricted': 0.46595513820648193, 'csv_lexical_restricted': 0.05128205128205128}",0.02786377708978328
S5,1/48.1-s2.0-S0960148122015567-main.pdf,fa4c26901738dbee_chunk_0056,"Renewable Energy 200 (2022) 1490–1505 1498 is decided that the front of the sun is entirely closed, all pixels in the created mask are classified as clouds. On the other hand, the sun front is evaluated as entirely or partially open, the K-means clustering method is used to perform the classifications. This method is aimed to correctly classify the sky and actual cloud pixels in the vicinity of the sun. As a result of the classification, pixels with classes different from the K-means class located in the sun center are deleted and labeled as the sky. Thus, the classification of pixels around the sun that are incorrectly classified as clouds due to brightness are corrected as the sky. Pixels located in the center of the sun and having the same class as the K-means class are classified according to whether they are detected as the sun or not. If the relevant pixel is classified as a sun pixel during the sun clas­ sification stage, it remains a sun pixel; if not, it is classified as a cloud pixel. In this way, the sun, cloud, and sky classes around the sun can be determined more accurately. 2.4. Cloud motion forecasting",0.5666128993034363,chroma_restricted,hybrid_plus_confirmed_quantitative_greedy,hybrid_base_quota,,,,,,,,,
S5,1/49.bae2016.pdf,f8b0f0723b47dd54_chunk_0045,"NAR and ANN schemes in those days. The measured and predicted values are similar for the NAR, ANN, and SVM schemes during the next three sunny days. Table II summarizes the numerical results of the average MRE, average RMSE, and R2 of each prediction scheme with one-hour prediction horizon for non-clustered data. The numerical results show that the RMSE, MRE, and R2 of the SVM scheme for non-clustered data are 58.72 [W/m2], 3.82%, and 0.9562, respectively, which are more accurate than those of the NAR and ANN schemes. C. Prediction Results for Solar Irradiance: Clustered Data In the testing stage for clustered data, three different prediction schemes (NAR, ANN, and the proposed SVM) are compared by using the same clustered data. Fig. 5 compares the predicted solar irradiance of three prediction schemes with the measured solar irradiance for sunny days. Since the overall prediction accuracy is improved by data clustering for sunny days, we can observe that small errors occur between the measured and predicted solar irradiance of each prediction scheme. In particular, the result of the proposed SVM scheme well approaches the measured solar irradiance. In sunny days,",0.5634496212005615,chroma_restricted,hybrid_plus_confirmed_quantitative_greedy,hybrid_base_quota,,,,,,,,,
S5,1/48.1-s2.0-S0960148122015567-main.pdf,fa4c26901738dbee_chunk_0008,"Renewable Energy 200 (2022) 1490–1505 1491 events. Therefore, the development of successful solar radiation fore­ casting methods has become an essential element for increasing solar energy use and grid integration [5]. Different solar radiation forecasting methodologies have been pro­ posed for various time periods in the literature. Numerical weather prediction (NWP) [6–8] or satellite-based forecast models [9], Aguiar, Pereira [10], Alonso-Montesinos and Batlles [11] are common among these methods and approaches. Using related methods, successful fore­ casting’s are made for large areas and long-time scales. However, esti­ mates on these area and time scales are insufficient to provide information about high-frequency solar radiation fluctuations due to their coverage of large areas and long periods. For example, while the general area of a given region is predicted to have a sunny day, sunlight may be interrupted from time to time by cloud cover. These in­ terruptions may affect the energy production level of any solar power plant installed in that region. Therefore, shorter-term, precise site-specific, and on-site forecasts are needed compared to NWP or",0.5573521852493286,chroma_restricted,hybrid_plus_confirmed_quantitative_greedy,hybrid_base_quota,,,,,,,,,
S5,1/37.Solar_Forecasting_using_ANN_with_Fuzzy_Logic_Pre-p.pdf,d3d05d271be6db98_chunk_0009,"Linear statistical models such as autoregressive (AR) and autoregressive moving average (ARMA) that uses realtime measurement data have been successfully applied for short-term forecasting [8], [9]. Auto-Regressive Integrated Moving Average (ARIMA) model which combines the autoregressive component to a moving average (MA) is also widely researched for application in solar forecasting. In these linear models, the relationship between the input variables and the forecasted variable are derived through statistical analysis. However, non-linear characteristics caused by variation in weather including cloud cover and atmospheric particulates further complicates the short-term forecasting [10]. Artificial intelligence or machine learning techniques are widely researched as an alternative solution for estimating processes associated with non-linear functions. In [11], artificial neural network (ANN) is used for shortterm solar forecasting based on multiple input variable such as temperature, humidity, pressure and wind. A mixed wavelet neural network (WNN) is presented in [12] for short-term solar irradiance forecasting. Autoregressive fuzzy",0.05,csv_lexical_ranked_experimental,hybrid_plus_confirmed_quantitative_greedy,hybrid_base_quota,,,,,,,,,
S5,1/48.1-s2.0-S0960148122015567-main.pdf,fa4c26901738dbee_chunk_0014,"and the sun from the sky. After the cloud classification, the solar radi­ ation forecasting’s are performed by giving the 17 features extracted from the images to the ANN. The method has achieved quite successful results despite the high fluctuations in solar radiation. Doodkorte [20] used sequential sky images and meteorological data obtained using a sky imager for short-term solar radiation forecasting. With the created deep learning model, solar radiation forecasting’s are made for time horizons in the range of 0–21 min. The method’s success for different sky con­ ditions is compared with other traditional methods in the literature. They revealed that the deep learning model outperformed traditional methods by 24.8%. In these studies, where sky imagers are used, machine learning methods are also frequently used. Recently, researchers have turned to deep learning approaches that can greatly increase their prediction success over traditional methods [21]. Long short-term memory net­ works (LSTM), one of the deep learning approaches that can learn long-term dependencies, are used in many prediction applications,",0.05,csv_lexical_ranked_experimental,hybrid_plus_confirmed_quantitative_greedy,hybrid_base_quota,,,,,,,,,
S5,1/49.bae2016.pdf,f8b0f0723b47dd54_chunk_0001,"0885-8950 (c) 2016 IEEE. Personal use is permitted, but republication/redistribution requires IEEE permission. See http://www.ieee.org/publications_standards/publications/rights/index.html for more information. This article has been accepted for publication in a future issue of this journal, but has not been fully edited. Content may change prior to final publication. Citation information: DOI 10.1109/TPWRS.2016.2569608, IEEE Transactions on Power Systems 1 Hourly Solar Irradiance Prediction Based on Support Vector Machine and Its Error Analysis Kuk Yeol Bae, Han Seung Jang, Student Member, IEEE, and Dan Keun Sung, Fellow, IEEE Abstract—Due to a variability and uncertainty of photovoltaic (PV) output power, PV operators may be subject to signiﬁcant penalties on forthcoming energy markets. Thus, the accurate prediction of PV output power plays a very important role in energy market. This paper proposes a novel solar prediction scheme for one-hour ahead prediction of solar irradiance based on various meteorological factors including the cloud cover and support vector machine (SVM). A k-means clustering algorithm is applied to collecting meteorological data and the entire data",0.05,csv_lexical_ranked_experimental,hybrid_plus_confirmed_quantitative_greedy,hybrid_base_quota,,,,,,,,,
S5,1/37.Solar_Forecasting_using_ANN_with_Fuzzy_Logic_Pre-p.pdf,d3d05d271be6db98_chunk_0024,"to train the model. However, this is acceptable as the objective of this paper is to prove that the inclusion of the 
fuzzy logic pre-possessing and improved back-propagation algorithm will improve forecast error compared to a pure 
ANN model. The MAPEs of Model (i) - pure ANN, 
Model (ii) - ANN with fuzzy logic pre-processing, 
and
Model
(iii) improved ANN with error 
correction factor and fuzzy logic pre-processing are 
shown in Table 1 and Figure 3. It is evident that the 
Figure 2: Proposed ANN with fuzzy logic and improved back-propagation 
model.
Figure 3: Daily MAPE for month of April 2017.
Table 1. Numerical results
Model
MAPE
Model (i)
46.3%
Model (ii)
43.1%
Model (iii)
29.6%",6.0,quantitative_confirmed_chunk,hybrid_plus_confirmed_quantitative_greedy,confirmed_quantitative_greedy_quota,"['29.6', '29.6%', '43.1', '43.1%', '46.3', '46.3%']","['MAPE_ANN_con_solo_logica_difusa', 'MAPE_ANN_puro', 'MAPE_model_mejorado_ANN_con_logica_difusa_y_factor_correccion']",['confirmed_in_source_chunk'],"['29.6', '29.6%', '43.1', '43.1%', '46.3', '46.3%']",6.0,,,,
S5,1/48.1-s2.0-S0960148122015567-main.pdf,fa4c26901738dbee_chunk_0049,"Renewable Energy 200 (2022) 1490–1505
1497
position of the sun, it is necessary to know the latitude, longitude, hour, 
and day information of the area and time of the experimental setup. In 
addition, it is necessary to correct the distortions in the image caused by 
the fisheye lens and determine the sun’s position on the corrected image. 
Due to these requirements, the work and computational load increase. 
However, the requirement of location and time information of the place 
where the system is intended to be used limits the system’s portability. 
For these reasons, the proposed study aims to develop an algorithm that 
does not require location and time information and can work wherever 
the system is placed. 
Akseker [40] examined many different methods used in the literature 
to determine the sun’s location in the image and observed that the 
method used by Yamashita, Yoshimura [41] gave the most successful 
results. In the study carried out, the sun’s position in the image is 
determined using the related method. In this method, indices called sky 
index (SI) and brightness index (BI) are defined, and related indices are",1.0,quantitative_confirmed_chunk,hybrid_plus_confirmed_quantitative_greedy,confirmed_quantitative_greedy_quota,['5'],"['main_result_summary', 'metric_names[3]']",['confirmed_in_source_chunk'],[],0.0,,,,
