source_filename,paper_title,model_or_method,metric,value,numeric_value,unit,dataset_or_case,evaluation_scope,data_resolution,condition,source_text_evidence,value_found_in_kb_text,value_found_in_source_chunk,source_chunk_scope,source_chunk_ids_checked,verification_status,raw_path,raw_value
1/33.An-LM-BP-Neural-Network-Approach-to-Estimate-Monthly-Mean-Daily-Global-Solar-Radiation-Using-MODIS-Atmospheric-Products.pdf,An LM-BP Neural Network Approach to Estimate Monthly Mean Daily Global Solar Radiation Using MODIS Atmospheric Products,modelo_ANN,MBE,0.21 MJ·m−2,0.21,MJ·m−2,,,,,,True,True,retrieved_by_03,42891eb1891ec233_chunk_0015;42891eb1891ec233_chunk_0022;42891eb1891ec233_chunk_0023;42891eb1891ec233_chunk_0025;42891eb1891ec233_chunk_0030;42891eb1891ec233_chunk_0031;42891eb1891ec233_chunk_0032;42891eb1891ec233_chunk_0033;42891eb1891ec233_chunk_0034;42891eb1891ec233_chunk_0037,confirmed_in_source_chunk,quantitative_results.modelo_ANN.MBE,"""0.21 MJ·m−2"""
1/33.An-LM-BP-Neural-Network-Approach-to-Estimate-Monthly-Mean-Daily-Global-Solar-Radiation-Using-MODIS-Atmospheric-Products.pdf,An LM-BP Neural Network Approach to Estimate Monthly Mean Daily Global Solar Radiation Using MODIS Atmospheric Products,modelo_ANN,R,0.96,0.96,,,,,,,True,True,retrieved_by_03,42891eb1891ec233_chunk_0015;42891eb1891ec233_chunk_0022;42891eb1891ec233_chunk_0023;42891eb1891ec233_chunk_0025;42891eb1891ec233_chunk_0030;42891eb1891ec233_chunk_0031;42891eb1891ec233_chunk_0032;42891eb1891ec233_chunk_0033;42891eb1891ec233_chunk_0034;42891eb1891ec233_chunk_0037,confirmed_in_source_chunk,quantitative_results.modelo_ANN.R,0.96
1/33.An-LM-BP-Neural-Network-Approach-to-Estimate-Monthly-Mean-Daily-Global-Solar-Radiation-Using-MODIS-Atmospheric-Products.pdf,An LM-BP Neural Network Approach to Estimate Monthly Mean Daily Global Solar Radiation Using MODIS Atmospheric Products,modelo_ANN,RMSE,1.34 MJ·m−2,1.34,MJ·m−2,,,,,,True,True,retrieved_by_03,42891eb1891ec233_chunk_0015;42891eb1891ec233_chunk_0022;42891eb1891ec233_chunk_0023;42891eb1891ec233_chunk_0025;42891eb1891ec233_chunk_0030;42891eb1891ec233_chunk_0031;42891eb1891ec233_chunk_0032;42891eb1891ec233_chunk_0033;42891eb1891ec233_chunk_0034;42891eb1891ec233_chunk_0037,confirmed_in_source_chunk,quantitative_results.modelo_ANN.RMSE,"""1.34 MJ·m−2"""
1/33.An-LM-BP-Neural-Network-Approach-to-Estimate-Monthly-Mean-Daily-Global-Solar-Radiation-Using-MODIS-Atmospheric-Products.pdf,An LM-BP Neural Network Approach to Estimate Monthly Mean Daily Global Solar Radiation Using MODIS Atmospheric Products,modelo_ANN,neurons_hidden_layer,7,7.0,,,,,model_parameter,,True,True,retrieved_by_03,42891eb1891ec233_chunk_0015;42891eb1891ec233_chunk_0022;42891eb1891ec233_chunk_0023;42891eb1891ec233_chunk_0025;42891eb1891ec233_chunk_0030;42891eb1891ec233_chunk_0031;42891eb1891ec233_chunk_0032;42891eb1891ec233_chunk_0033;42891eb1891ec233_chunk_0034;42891eb1891ec233_chunk_0037,confirmed_in_source_chunk,quantitative_results.modelo_ANN.neurons_hidden_layer,7
1/34.praynlin2017.pdf,Pronóstico de irradiancia solar y generación de energía fotovoltaica mediante redes neuronales artificiales,,R²,cercanos a 1,1.0,cercanos a,,,,,,True,True,retrieved_by_03,12ed2391bde9cd16_chunk_0011;12ed2391bde9cd16_chunk_0015;12ed2391bde9cd16_chunk_0016;12ed2391bde9cd16_chunk_0018;12ed2391bde9cd16_chunk_0019;12ed2391bde9cd16_chunk_0023;12ed2391bde9cd16_chunk_0024;12ed2391bde9cd16_chunk_0028;12ed2391bde9cd16_chunk_0031;12ed2391bde9cd16_chunk_0032,confirmed_in_source_chunk,quantitative_results.R2,"""cercanos a 1"""
1/36.1-s2.0-S0960148122011387-main.pdf,Pronóstico de irradiancia solar y generación de energía fotovoltaica mediante inteligencia artificial,ANN_1h_forecast,R²,0.987,0.987,,,,,,,True,True,retrieved_by_03,553aa823184fcd93_chunk_0014;553aa823184fcd93_chunk_0018;553aa823184fcd93_chunk_0019;553aa823184fcd93_chunk_0020;553aa823184fcd93_chunk_0023;553aa823184fcd93_chunk_0035;553aa823184fcd93_chunk_0036;553aa823184fcd93_chunk_0039;553aa823184fcd93_chunk_0041;553aa823184fcd93_chunk_0047,confirmed_in_source_chunk,quantitative_results.ANN_1h_forecast.R2,0.987
1/36.1-s2.0-S0960148122011387-main.pdf,Pronóstico de irradiancia solar y generación de energía fotovoltaica mediante inteligencia artificial,ANN_1h_forecast,RMSE,36.72,36.72,,,,,,,True,True,retrieved_by_03,553aa823184fcd93_chunk_0014;553aa823184fcd93_chunk_0018;553aa823184fcd93_chunk_0019;553aa823184fcd93_chunk_0020;553aa823184fcd93_chunk_0023;553aa823184fcd93_chunk_0035;553aa823184fcd93_chunk_0036;553aa823184fcd93_chunk_0039;553aa823184fcd93_chunk_0041;553aa823184fcd93_chunk_0047,confirmed_in_source_chunk,quantitative_results.ANN_1h_forecast.RMSE,36.72
1/36.1-s2.0-S0960148122011387-main.pdf,Pronóstico de irradiancia solar y generación de energía fotovoltaica mediante inteligencia artificial,general_performance,neural_networks_short_term_R2,>0.97,0.97,>,,,,,,True,True,retrieved_by_03,553aa823184fcd93_chunk_0014;553aa823184fcd93_chunk_0018;553aa823184fcd93_chunk_0019;553aa823184fcd93_chunk_0020;553aa823184fcd93_chunk_0023;553aa823184fcd93_chunk_0035;553aa823184fcd93_chunk_0036;553aa823184fcd93_chunk_0039;553aa823184fcd93_chunk_0041;553aa823184fcd93_chunk_0047,confirmed_in_source_chunk,quantitative_results.general_performance.neural_networks_short_term_R2,""">0.97"""
1/37.Solar_Forecasting_using_ANN_with_Fuzzy_Logic_Pre-p.pdf,Solar Forecasting using ANN with Fuzzy Logic Pre-processing,,MAPE_ANN_con_solo_logica_difusa,43.1%,43.1,%,,,,,,True,True,retrieved_by_03,d3d05d271be6db98_chunk_0001;d3d05d271be6db98_chunk_0003;d3d05d271be6db98_chunk_0004;d3d05d271be6db98_chunk_0009;d3d05d271be6db98_chunk_0011;d3d05d271be6db98_chunk_0018;d3d05d271be6db98_chunk_0019;d3d05d271be6db98_chunk_0021;d3d05d271be6db98_chunk_0023;d3d05d271be6db98_chunk_0024,confirmed_in_source_chunk,quantitative_results.MAPE_ANN_con_solo_logica_difusa,"""43.1%"""
1/37.Solar_Forecasting_using_ANN_with_Fuzzy_Logic_Pre-p.pdf,Solar Forecasting using ANN with Fuzzy Logic Pre-processing,,MAPE_ANN_puro,46.3%,46.3,%,,,,,,True,True,retrieved_by_03,d3d05d271be6db98_chunk_0001;d3d05d271be6db98_chunk_0003;d3d05d271be6db98_chunk_0004;d3d05d271be6db98_chunk_0009;d3d05d271be6db98_chunk_0011;d3d05d271be6db98_chunk_0018;d3d05d271be6db98_chunk_0019;d3d05d271be6db98_chunk_0021;d3d05d271be6db98_chunk_0023;d3d05d271be6db98_chunk_0024,confirmed_in_source_chunk,quantitative_results.MAPE_ANN_puro,"""46.3%"""
1/37.Solar_Forecasting_using_ANN_with_Fuzzy_Logic_Pre-p.pdf,Solar Forecasting using ANN with Fuzzy Logic Pre-processing,,MAPE_model_mejorado_ANN_con_logica_difusa_y_factor_correccion,29.6%,29.6,%,,,,,,True,True,retrieved_by_03,d3d05d271be6db98_chunk_0001;d3d05d271be6db98_chunk_0003;d3d05d271be6db98_chunk_0004;d3d05d271be6db98_chunk_0009;d3d05d271be6db98_chunk_0011;d3d05d271be6db98_chunk_0018;d3d05d271be6db98_chunk_0019;d3d05d271be6db98_chunk_0021;d3d05d271be6db98_chunk_0023;d3d05d271be6db98_chunk_0024,confirmed_in_source_chunk,quantitative_results.MAPE_model_mejorado_ANN_con_logica_difusa_y_factor_correccion,"""29.6%"""
1/39.MLP_Back_Propagation_Artificial_Neural_Network_for.pdf,MLP Back Propagation Artificial Neural Network for Solar Irradiance Prediction,,MAPE,6.11%,6.11,%,,,,,,True,True,retrieved_by_03,696fb1df0f31a0b4_chunk_0003;696fb1df0f31a0b4_chunk_0007;696fb1df0f31a0b4_chunk_0008;696fb1df0f31a0b4_chunk_0013;696fb1df0f31a0b4_chunk_0014;696fb1df0f31a0b4_chunk_0015;696fb1df0f31a0b4_chunk_0016;696fb1df0f31a0b4_chunk_0019;696fb1df0f31a0b4_chunk_0020;696fb1df0f31a0b4_chunk_0021,confirmed_in_source_chunk,quantitative_results.MAPE,"""6.11%"""
1/39.MLP_Back_Propagation_Artificial_Neural_Network_for.pdf,MLP Back Propagation Artificial Neural Network for Solar Irradiance Prediction,,maximum_error,99%,99.0,%,,,,,,True,True,retrieved_by_03,696fb1df0f31a0b4_chunk_0003;696fb1df0f31a0b4_chunk_0007;696fb1df0f31a0b4_chunk_0008;696fb1df0f31a0b4_chunk_0013;696fb1df0f31a0b4_chunk_0014;696fb1df0f31a0b4_chunk_0015;696fb1df0f31a0b4_chunk_0016;696fb1df0f31a0b4_chunk_0019;696fb1df0f31a0b4_chunk_0020;696fb1df0f31a0b4_chunk_0021,confirmed_in_source_chunk,quantitative_results.maximum_error,"""99%"""
1/39.MLP_Back_Propagation_Artificial_Neural_Network_for.pdf,MLP Back Propagation Artificial Neural Network for Solar Irradiance Prediction,,percentage_predictions_error_less_than_10%,58.7%,58.7,%,,,,,,True,True,retrieved_by_03,696fb1df0f31a0b4_chunk_0003;696fb1df0f31a0b4_chunk_0007;696fb1df0f31a0b4_chunk_0008;696fb1df0f31a0b4_chunk_0013;696fb1df0f31a0b4_chunk_0014;696fb1df0f31a0b4_chunk_0015;696fb1df0f31a0b4_chunk_0016;696fb1df0f31a0b4_chunk_0019;696fb1df0f31a0b4_chunk_0020;696fb1df0f31a0b4_chunk_0021,confirmed_in_source_chunk,quantitative_results.percentage_predictions_error_less_than_10%,"""58.7%"""
1/39.MLP_Back_Propagation_Artificial_Neural_Network_for.pdf,MLP Back Propagation Artificial Neural Network for Solar Irradiance Prediction,,percentage_predictions_error_less_than_15%,68.6%,68.6,%,,,,,,True,True,retrieved_by_03,696fb1df0f31a0b4_chunk_0003;696fb1df0f31a0b4_chunk_0007;696fb1df0f31a0b4_chunk_0008;696fb1df0f31a0b4_chunk_0013;696fb1df0f31a0b4_chunk_0014;696fb1df0f31a0b4_chunk_0015;696fb1df0f31a0b4_chunk_0016;696fb1df0f31a0b4_chunk_0019;696fb1df0f31a0b4_chunk_0020;696fb1df0f31a0b4_chunk_0021,confirmed_in_source_chunk,quantitative_results.percentage_predictions_error_less_than_15%,"""68.6%"""
1/39.MLP_Back_Propagation_Artificial_Neural_Network_for.pdf,MLP Back Propagation Artificial Neural Network for Solar Irradiance Prediction,,percentage_predictions_error_less_than_5%,41.9%,41.9,%,,,,,,True,True,retrieved_by_03,696fb1df0f31a0b4_chunk_0003;696fb1df0f31a0b4_chunk_0007;696fb1df0f31a0b4_chunk_0008;696fb1df0f31a0b4_chunk_0013;696fb1df0f31a0b4_chunk_0014;696fb1df0f31a0b4_chunk_0015;696fb1df0f31a0b4_chunk_0016;696fb1df0f31a0b4_chunk_0019;696fb1df0f31a0b4_chunk_0020;696fb1df0f31a0b4_chunk_0021,confirmed_in_source_chunk,quantitative_results.percentage_predictions_error_less_than_5%,"""41.9%"""
1/41.1-s2.0-S2352484723011228-main.pdf,Pronóstico de irradiancia solar y generación de energía fotovoltaica mediante inteligencia artificial,ANN,MAE,0.00013,0.00013,,,,,,,True,True,retrieved_by_03,810f2eaf880fda56_chunk_0019;810f2eaf880fda56_chunk_0020;810f2eaf880fda56_chunk_0022;810f2eaf880fda56_chunk_0023;810f2eaf880fda56_chunk_0030;810f2eaf880fda56_chunk_0032;810f2eaf880fda56_chunk_0037;810f2eaf880fda56_chunk_0041;810f2eaf880fda56_chunk_0043;810f2eaf880fda56_chunk_0044,confirmed_in_source_chunk,quantitative_results.ANN.MAE,"""0.00013"""
1/41.1-s2.0-S2352484723011228-main.pdf,Pronóstico de irradiancia solar y generación de energía fotovoltaica mediante inteligencia artificial,ANN,MASE,0.29,0.29,,,,,,,True,True,retrieved_by_03,810f2eaf880fda56_chunk_0019;810f2eaf880fda56_chunk_0020;810f2eaf880fda56_chunk_0022;810f2eaf880fda56_chunk_0023;810f2eaf880fda56_chunk_0030;810f2eaf880fda56_chunk_0032;810f2eaf880fda56_chunk_0037;810f2eaf880fda56_chunk_0041;810f2eaf880fda56_chunk_0043;810f2eaf880fda56_chunk_0044,confirmed_in_source_chunk,quantitative_results.ANN.MASE,"""0.29"""
1/41.1-s2.0-S2352484723011228-main.pdf,Pronóstico de irradiancia solar y generación de energía fotovoltaica mediante inteligencia artificial,ANN,R²,0.99,0.99,,,,,,,True,True,retrieved_by_03,810f2eaf880fda56_chunk_0019;810f2eaf880fda56_chunk_0020;810f2eaf880fda56_chunk_0022;810f2eaf880fda56_chunk_0023;810f2eaf880fda56_chunk_0030;810f2eaf880fda56_chunk_0032;810f2eaf880fda56_chunk_0037;810f2eaf880fda56_chunk_0041;810f2eaf880fda56_chunk_0043;810f2eaf880fda56_chunk_0044,confirmed_in_source_chunk,quantitative_results.ANN.R2,"""0.99"""
1/42.1-s2.0-S0960148121015974-main.pdf,Pronóstico de irradiancia solar y generación de energía fotovoltaica mediante inteligencia artificial en dos sitios argelinos,,reported_best_model,Modelo ANN con variables ordinales y exógenas (ANNV1;V2;V3;V4 exo) para ambos sitios.,1.0,Modelo ANN con variables ordinales y exógenas (ANNV;V2;V3;V4 exo) para ambos sitios.,,,,,,True,True,retrieved_by_03,4fd069cf2f8ce2f2_chunk_0018;4fd069cf2f8ce2f2_chunk_0028;4fd069cf2f8ce2f2_chunk_0040;4fd069cf2f8ce2f2_chunk_0053;4fd069cf2f8ce2f2_chunk_0057;4fd069cf2f8ce2f2_chunk_0060;4fd069cf2f8ce2f2_chunk_0065;4fd069cf2f8ce2f2_chunk_0066;4fd069cf2f8ce2f2_chunk_0070;4fd069cf2f8ce2f2_chunk_0073,confirmed_in_source_chunk,quantitative_results.reported_best_model,"""Modelo ANN con variables ordinales y exógenas (ANNV1;V2;V3;V4 exo) para ambos sitios."""
1/43.1-s2.0-S1877050917318392-main.pdf,Pronóstico de irradiancia solar y generación de energía fotovoltaica mediante redes neuronales profundas,DRNN_LSTM,RMSE,0.068,0.068,,,,,,,True,True,retrieved_by_03,a6d33f85b06e45e7_chunk_0003;a6d33f85b06e45e7_chunk_0008;a6d33f85b06e45e7_chunk_0010;a6d33f85b06e45e7_chunk_0011;a6d33f85b06e45e7_chunk_0012;a6d33f85b06e45e7_chunk_0021;a6d33f85b06e45e7_chunk_0023;a6d33f85b06e45e7_chunk_0026;a6d33f85b06e45e7_chunk_0029;a6d33f85b06e45e7_chunk_0031,confirmed_in_source_chunk,quantitative_results.DRNN_LSTM.RMSE,0.068
1/43.1-s2.0-S1877050917318392-main.pdf,Pronóstico de irradiancia solar y generación de energía fotovoltaica mediante redes neuronales profundas,FNN,RMSE,0.16,0.16,,,,,,,True,True,retrieved_by_03,a6d33f85b06e45e7_chunk_0003;a6d33f85b06e45e7_chunk_0008;a6d33f85b06e45e7_chunk_0010;a6d33f85b06e45e7_chunk_0011;a6d33f85b06e45e7_chunk_0012;a6d33f85b06e45e7_chunk_0021;a6d33f85b06e45e7_chunk_0023;a6d33f85b06e45e7_chunk_0026;a6d33f85b06e45e7_chunk_0029;a6d33f85b06e45e7_chunk_0031,confirmed_in_source_chunk,quantitative_results.FNN.RMSE,0.16
1/43.1-s2.0-S1877050917318392-main.pdf,Pronóstico de irradiancia solar y generación de energía fotovoltaica mediante redes neuronales profundas,SVR,RMSE,0.11,0.11,,,,,,,True,True,retrieved_by_03,a6d33f85b06e45e7_chunk_0003;a6d33f85b06e45e7_chunk_0008;a6d33f85b06e45e7_chunk_0010;a6d33f85b06e45e7_chunk_0011;a6d33f85b06e45e7_chunk_0012;a6d33f85b06e45e7_chunk_0021;a6d33f85b06e45e7_chunk_0023;a6d33f85b06e45e7_chunk_0026;a6d33f85b06e45e7_chunk_0029;a6d33f85b06e45e7_chunk_0031,confirmed_in_source_chunk,quantitative_results.SVR.RMSE,0.11
1/44.qing2018.pdf,Predicción de irradiancia solar horaria mediante redes neuronales LSTM,,main_result,"El modelo LSTM superó consistentemente a BPNN, LR y Persistence en términos de RMSE, mostrando mejoras significativas en precisión y estabilidad en múltiples experimentos y datasets, incluyendo un dataset grande de 11 años.",11.0,"El modelo LSTM superó consistentemente a BPNN, LR y Persistence en términos de RMSE, mostrando mejoras significativas en precisión y estabilidad en múltiples experimentos y datasets, incluyendo un dataset grande de  años.",,,,,,True,True,retrieved_by_03,dee451f81702178f_chunk_0019;dee451f81702178f_chunk_0020;dee451f81702178f_chunk_0022;dee451f81702178f_chunk_0034;dee451f81702178f_chunk_0035;dee451f81702178f_chunk_0039;dee451f81702178f_chunk_0040;dee451f81702178f_chunk_0041;dee451f81702178f_chunk_0042;dee451f81702178f_chunk_0043,confirmed_in_source_chunk,quantitative_results.main_result,"""El modelo LSTM superó consistentemente a BPNN, LR y Persistence en términos de RMSE, mostrando mejoras significativas en precisión y estabilidad en múltiples experimentos y datasets, incluyendo un dataset grande de 11 años."""
1/45.ashfaq2020.pdf,Pronóstico de irradiancia solar y generación de energía fotovoltaica mediante LSTM optimizado,modelo_con_dataset_55_meses,MAE,17.101,17.101,,,,,,,True,True,retrieved_by_03,057900c1e95adcd0_chunk_0013;057900c1e95adcd0_chunk_0015;057900c1e95adcd0_chunk_0019;057900c1e95adcd0_chunk_0022;057900c1e95adcd0_chunk_0024;057900c1e95adcd0_chunk_0025;057900c1e95adcd0_chunk_0026;057900c1e95adcd0_chunk_0028;057900c1e95adcd0_chunk_0029;057900c1e95adcd0_chunk_0030,confirmed_in_source_chunk,quantitative_results.modelo_con_dataset_55_meses.MAE,17.101
1/45.ashfaq2020.pdf,Pronóstico de irradiancia solar y generación de energía fotovoltaica mediante LSTM optimizado,modelo_con_dataset_55_meses,R²,0.975,0.975,,,,,,,True,True,retrieved_by_03,057900c1e95adcd0_chunk_0013;057900c1e95adcd0_chunk_0015;057900c1e95adcd0_chunk_0019;057900c1e95adcd0_chunk_0022;057900c1e95adcd0_chunk_0024;057900c1e95adcd0_chunk_0025;057900c1e95adcd0_chunk_0026;057900c1e95adcd0_chunk_0028;057900c1e95adcd0_chunk_0029;057900c1e95adcd0_chunk_0030,confirmed_in_source_chunk,quantitative_results.modelo_con_dataset_55_meses.R2,0.975
1/45.ashfaq2020.pdf,Pronóstico de irradiancia solar y generación de energía fotovoltaica mediante LSTM optimizado,modelo_con_dataset_55_meses,RMSE,41.873,41.873,,,,,,,True,True,retrieved_by_03,057900c1e95adcd0_chunk_0013;057900c1e95adcd0_chunk_0015;057900c1e95adcd0_chunk_0019;057900c1e95adcd0_chunk_0022;057900c1e95adcd0_chunk_0024;057900c1e95adcd0_chunk_0025;057900c1e95adcd0_chunk_0026;057900c1e95adcd0_chunk_0028;057900c1e95adcd0_chunk_0029;057900c1e95adcd0_chunk_0030,confirmed_in_source_chunk,quantitative_results.modelo_con_dataset_55_meses.RMSE,41.873
1/45.ashfaq2020.pdf,Pronóstico de irradiancia solar y generación de energía fotovoltaica mediante LSTM optimizado,primer_modelo,MAE,17.591,17.591,,,,,,,True,True,retrieved_by_03,057900c1e95adcd0_chunk_0013;057900c1e95adcd0_chunk_0015;057900c1e95adcd0_chunk_0019;057900c1e95adcd0_chunk_0022;057900c1e95adcd0_chunk_0024;057900c1e95adcd0_chunk_0025;057900c1e95adcd0_chunk_0026;057900c1e95adcd0_chunk_0028;057900c1e95adcd0_chunk_0029;057900c1e95adcd0_chunk_0030,confirmed_in_source_chunk,quantitative_results.primer_modelo.MAE,17.591
1/45.ashfaq2020.pdf,Pronóstico de irradiancia solar y generación de energía fotovoltaica mediante LSTM optimizado,primer_modelo,RMSE,47.006,47.006,,,,,,,True,True,retrieved_by_03,057900c1e95adcd0_chunk_0013;057900c1e95adcd0_chunk_0015;057900c1e95adcd0_chunk_0019;057900c1e95adcd0_chunk_0022;057900c1e95adcd0_chunk_0024;057900c1e95adcd0_chunk_0025;057900c1e95adcd0_chunk_0026;057900c1e95adcd0_chunk_0028;057900c1e95adcd0_chunk_0029;057900c1e95adcd0_chunk_0030,confirmed_in_source_chunk,quantitative_results.primer_modelo.RMSE,47.006
1/46.energies-12-00215-v2.pdf,Predicción de potencia fotovoltaica mediante modelos de deep learning usando variables meteorológicas,results,improvement_vs_ANN,reducción del MAE hasta en un 80%,80.0,%,,,,,,True,True,retrieved_by_03,8fc932657e22ee26_chunk_0023;8fc932657e22ee26_chunk_0026;8fc932657e22ee26_chunk_0044;8fc932657e22ee26_chunk_0045;8fc932657e22ee26_chunk_0050;8fc932657e22ee26_chunk_0052;8fc932657e22ee26_chunk_0053;8fc932657e22ee26_chunk_0057;8fc932657e22ee26_chunk_0059;8fc932657e22ee26_chunk_0064,confirmed_in_source_chunk,quantitative_results.results.LSTM.improvement_vs_ANN,"""reducción del MAE hasta en un 80%"""
1/46.energies-12-00215-v2.pdf,Predicción de potencia fotovoltaica mediante modelos de deep learning usando variables meteorológicas,results,improvement_vs_otros_modelos,mejora entre 53% y 61% frente a modelos convencionales y otras variantes de deep learning,53.0,%,,,,,,True,True,retrieved_by_03,8fc932657e22ee26_chunk_0023;8fc932657e22ee26_chunk_0026;8fc932657e22ee26_chunk_0044;8fc932657e22ee26_chunk_0045;8fc932657e22ee26_chunk_0050;8fc932657e22ee26_chunk_0052;8fc932657e22ee26_chunk_0053;8fc932657e22ee26_chunk_0057;8fc932657e22ee26_chunk_0059;8fc932657e22ee26_chunk_0064,confirmed_in_source_chunk,quantitative_results.results.LSTM.improvement_vs_otros_modelos,"""mejora entre 53% y 61% frente a modelos convencionales y otras variantes de deep learning"""
1/47.1-s2.0-S0306261922010170-main.pdf,Optimized stacked BiLSTM/LSTM hybrid model for solar irradiance and PV power forecasting,,R²,de 0.97 a 0.99,0.97,de  a 0.99,,,,,,True,True,retrieved_by_03,fe601d3747bcbeae_chunk_0015;fe601d3747bcbeae_chunk_0019;fe601d3747bcbeae_chunk_0021;fe601d3747bcbeae_chunk_0031;fe601d3747bcbeae_chunk_0047;fe601d3747bcbeae_chunk_0052;fe601d3747bcbeae_chunk_0053;fe601d3747bcbeae_chunk_0054;fe601d3747bcbeae_chunk_0064;fe601d3747bcbeae_chunk_0072,confirmed_in_source_chunk,quantitative_results.R2,"""de 0.97 a 0.99"""
1/47.1-s2.0-S0306261922010170-main.pdf,Optimized stacked BiLSTM/LSTM hybrid model for solar irradiance and PV power forecasting,,RMSE,entre 10.55 y 58.26,10.55,entre  y 58.26,,,,,,True,True,retrieved_by_03,fe601d3747bcbeae_chunk_0015;fe601d3747bcbeae_chunk_0019;fe601d3747bcbeae_chunk_0021;fe601d3747bcbeae_chunk_0031;fe601d3747bcbeae_chunk_0047;fe601d3747bcbeae_chunk_0052;fe601d3747bcbeae_chunk_0053;fe601d3747bcbeae_chunk_0054;fe601d3747bcbeae_chunk_0064;fe601d3747bcbeae_chunk_0072,confirmed_in_source_chunk,quantitative_results.RMSE,"""entre 10.55 y 58.26"""
1/48.1-s2.0-S0960148122015567-main.pdf,Short-term solar radiation forecasting with a novel image processing-based deep learning approach,,main_result_summary,"El enfoque desarrollado mostró mejores resultados en términos de RMSE para la predicción de radiación solar a 5 minutos en comparación con otros métodos reportados en la literatura, aunque la comparación directa es difícil debido a las condiciones meteorológicas regionales.",5.0,"El enfoque desarrollado mostró mejores resultados en términos de RMSE para la predicción de radiación solar a  minutos en comparación con otros métodos reportados en la literatura, aunque la comparación directa es difícil debido a las condiciones meteorológicas regionales.",,,,,,True,True,retrieved_by_03,fa4c26901738dbee_chunk_0049;fa4c26901738dbee_chunk_0072;fa4c26901738dbee_chunk_0073;fa4c26901738dbee_chunk_0077;fa4c26901738dbee_chunk_0078;fa4c26901738dbee_chunk_0081;fa4c26901738dbee_chunk_0086;fa4c26901738dbee_chunk_0096;fa4c26901738dbee_chunk_0097;fa4c26901738dbee_chunk_0098,confirmed_in_source_chunk,quantitative_results.main_result_summary,"""El enfoque desarrollado mostró mejores resultados en términos de RMSE para la predicción de radiación solar a 5 minutos en comparación con otros métodos reportados en la literatura, aunque la comparación directa es difícil debido a las condiciones meteorológicas regionales."""
1/48.1-s2.0-S0960148122015567-main.pdf,Short-term solar radiation forecasting with a novel image processing-based deep learning approach,metric_names,metric_names[0],RMSE,,,,,,,,True,True,retrieved_by_03,fa4c26901738dbee_chunk_0049;fa4c26901738dbee_chunk_0072;fa4c26901738dbee_chunk_0073;fa4c26901738dbee_chunk_0077;fa4c26901738dbee_chunk_0078;fa4c26901738dbee_chunk_0081;fa4c26901738dbee_chunk_0086;fa4c26901738dbee_chunk_0096;fa4c26901738dbee_chunk_0097;fa4c26901738dbee_chunk_0098,confirmed_in_source_chunk,quantitative_results.metric_names[0],"""RMSE"""
1/48.1-s2.0-S0960148122015567-main.pdf,Short-term solar radiation forecasting with a novel image processing-based deep learning approach,metric_names,metric_names[1],MAE,,,,,,,,True,True,retrieved_by_03,fa4c26901738dbee_chunk_0049;fa4c26901738dbee_chunk_0072;fa4c26901738dbee_chunk_0073;fa4c26901738dbee_chunk_0077;fa4c26901738dbee_chunk_0078;fa4c26901738dbee_chunk_0081;fa4c26901738dbee_chunk_0086;fa4c26901738dbee_chunk_0096;fa4c26901738dbee_chunk_0097;fa4c26901738dbee_chunk_0098,confirmed_in_source_chunk,quantitative_results.metric_names[1],"""MAE"""
1/48.1-s2.0-S0960148122015567-main.pdf,Short-term solar radiation forecasting with a novel image processing-based deep learning approach,metric_names,metric_names[2],MAPE,,,,,,,,True,True,retrieved_by_03,fa4c26901738dbee_chunk_0049;fa4c26901738dbee_chunk_0072;fa4c26901738dbee_chunk_0073;fa4c26901738dbee_chunk_0077;fa4c26901738dbee_chunk_0078;fa4c26901738dbee_chunk_0081;fa4c26901738dbee_chunk_0086;fa4c26901738dbee_chunk_0096;fa4c26901738dbee_chunk_0097;fa4c26901738dbee_chunk_0098,confirmed_in_source_chunk,quantitative_results.metric_names[2],"""MAPE"""
1/48.1-s2.0-S0960148122015567-main.pdf,Short-term solar radiation forecasting with a novel image processing-based deep learning approach,metric_names,metric_names[3],r2,2.0,r,,,,,,True,True,retrieved_by_03,fa4c26901738dbee_chunk_0049;fa4c26901738dbee_chunk_0072;fa4c26901738dbee_chunk_0073;fa4c26901738dbee_chunk_0077;fa4c26901738dbee_chunk_0078;fa4c26901738dbee_chunk_0081;fa4c26901738dbee_chunk_0086;fa4c26901738dbee_chunk_0096;fa4c26901738dbee_chunk_0097;fa4c26901738dbee_chunk_0098,confirmed_in_source_chunk,quantitative_results.metric_names[3],"""r2"""
1/49.bae2016.pdf,Pronóstico de irradiancia solar y generación de energía fotovoltaica mediante inteligencia artificial,,findings,"El esquema SVM mostró mejor desempeño en la predicción de irradiancia solar tanto para datos no clasificados como clasificados, con menores errores RMSE y MRE y mayor R2 en comparación con NAR y ANN. La clasificación de datos mediante clustering mejoró la precisión de predicción, especialmente en días soleados.",2.0,"El esquema SVM mostró mejor desempeño en la predicción de irradiancia solar tanto para datos no clasificados como clasificados, con menores errores RMSE y MRE y mayor R en comparación con NAR y ANN. La clasificación de datos mediante clustering mejoró la precisión de predicción, especialmente en días soleados.",,,,,,True,True,retrieved_by_03,f8b0f0723b47dd54_chunk_0029;f8b0f0723b47dd54_chunk_0038;f8b0f0723b47dd54_chunk_0040;f8b0f0723b47dd54_chunk_0043;f8b0f0723b47dd54_chunk_0044;f8b0f0723b47dd54_chunk_0045;f8b0f0723b47dd54_chunk_0049;f8b0f0723b47dd54_chunk_0054;f8b0f0723b47dd54_chunk_0058;f8b0f0723b47dd54_chunk_0061,confirmed_in_source_chunk,quantitative_results.findings,"""El esquema SVM mostró mejor desempeño en la predicción de irradiancia solar tanto para datos no clasificados como clasificados, con menores errores RMSE y MRE y mayor R2 en comparación con NAR y ANN. La clasificación de datos mediante clustering mejoró la precisión de predicción, especialmente en días soleados."""
1/49.bae2016.pdf,Pronóstico de irradiancia solar y generación de energía fotovoltaica mediante inteligencia artificial,metrics,metrics[2],R2 (Coeficiente de determinación),2.0,R (Coeficiente de determinación),,,,,,True,True,retrieved_by_03,f8b0f0723b47dd54_chunk_0029;f8b0f0723b47dd54_chunk_0038;f8b0f0723b47dd54_chunk_0040;f8b0f0723b47dd54_chunk_0043;f8b0f0723b47dd54_chunk_0044;f8b0f0723b47dd54_chunk_0045;f8b0f0723b47dd54_chunk_0049;f8b0f0723b47dd54_chunk_0054;f8b0f0723b47dd54_chunk_0058;f8b0f0723b47dd54_chunk_0061,confirmed_in_source_chunk,quantitative_results.metrics[2],"""R2 (Coeficiente de determinación)"""
1/50.energies-12-00100-v2.pdf,Using Smart Persistence and Random Forests to Predict Photovoltaic Energy Production,metrics,Precisión,"El modelo con todas las características es el más preciso para casi todos los módulos y horizontes, excepto para el módulo B en horizontes menores a 3 horas",3.0,"El modelo con todas las características es el más preciso para casi todos los módulos y horizontes, excepto para el módulo B en horizontes menores a  horas",,,,,,True,True,retrieved_by_03,3f57b3c5d8dd8539_chunk_0026;3f57b3c5d8dd8539_chunk_0027;3f57b3c5d8dd8539_chunk_0028;3f57b3c5d8dd8539_chunk_0031;3f57b3c5d8dd8539_chunk_0033;3f57b3c5d8dd8539_chunk_0034;3f57b3c5d8dd8539_chunk_0035;3f57b3c5d8dd8539_chunk_0036;3f57b3c5d8dd8539_chunk_0037;3f57b3c5d8dd8539_chunk_0039,confirmed_in_source_chunk,quantitative_results.metrics.Precisión,"""El modelo con todas las características es el más preciso para casi todos los módulos y horizontes, excepto para el módulo B en horizontes menores a 3 horas"""
1/51.energies-10-00186-v2.pdf,Pronóstico de irradiancia solar global mediante un modelo híbrido k-NN-ANN para estaciones fotovoltaicas,,main_results,"El modelo híbrido k-NN-ANN mostró un buen desempeño en la predicción de la irradiancia solar global a muy corto plazo (60 minutos), superando al modelo k-NN solo y al promedio de predicciones meteorológicas, con una buena concordancia entre datos reales y pronosticados.",60.0,"El modelo híbrido k-NN-ANN mostró un buen desempeño en la predicción de la irradiancia solar global a muy corto plazo ( minutos), superando al modelo k-NN solo y al promedio de predicciones meteorológicas, con una buena concordancia entre datos reales y pronosticados.",,,,,,True,True,retrieved_by_03,4e32012a4d9f9bff_chunk_0018;4e32012a4d9f9bff_chunk_0027;4e32012a4d9f9bff_chunk_0032;4e32012a4d9f9bff_chunk_0033;4e32012a4d9f9bff_chunk_0040;4e32012a4d9f9bff_chunk_0043;4e32012a4d9f9bff_chunk_0047;4e32012a4d9f9bff_chunk_0055;4e32012a4d9f9bff_chunk_0057;4e32012a4d9f9bff_chunk_0060,confirmed_in_source_chunk,quantitative_results.main_results,"""El modelo híbrido k-NN-ANN mostró un buen desempeño en la predicción de la irradiancia solar global a muy corto plazo (60 minutos), superando al modelo k-NN solo y al promedio de predicciones meteorológicas, con una buena concordancia entre datos reales y pronosticados."""
1/52.Multi-step-short-term-solar-radiation-prediction-based-on-empirical-mode-decomposition-and.pdf,Multi-step short-term solar radiation prediction based on empirical mode decomposition and hybrid EGA model,metrics,metrics[0],RMSE,,,,,,,,True,True,retrieved_by_03,d11a888248c14653_chunk_0020;d11a888248c14653_chunk_0037;d11a888248c14653_chunk_0049;d11a888248c14653_chunk_0050;d11a888248c14653_chunk_0058;d11a888248c14653_chunk_0063;d11a888248c14653_chunk_0065;d11a888248c14653_chunk_0072;d11a888248c14653_chunk_0074;d11a888248c14653_chunk_0075,confirmed_in_source_chunk,quantitative_results.metrics[0],"""RMSE"""
1/52.Multi-step-short-term-solar-radiation-prediction-based-on-empirical-mode-decomposition-and.pdf,Multi-step short-term solar radiation prediction based on empirical mode decomposition and hybrid EGA model,metrics,metrics[1],MAE,,,,,,,,True,True,retrieved_by_03,d11a888248c14653_chunk_0020;d11a888248c14653_chunk_0037;d11a888248c14653_chunk_0049;d11a888248c14653_chunk_0050;d11a888248c14653_chunk_0058;d11a888248c14653_chunk_0063;d11a888248c14653_chunk_0065;d11a888248c14653_chunk_0072;d11a888248c14653_chunk_0074;d11a888248c14653_chunk_0075,confirmed_in_source_chunk,quantitative_results.metrics[1],"""MAE"""
1/52.Multi-step-short-term-solar-radiation-prediction-based-on-empirical-mode-decomposition-and.pdf,Multi-step short-term solar radiation prediction based on empirical mode decomposition and hybrid EGA model,metrics,metrics[2],R2,2.0,R,,,,,,True,True,retrieved_by_03,d11a888248c14653_chunk_0020;d11a888248c14653_chunk_0037;d11a888248c14653_chunk_0049;d11a888248c14653_chunk_0050;d11a888248c14653_chunk_0058;d11a888248c14653_chunk_0063;d11a888248c14653_chunk_0065;d11a888248c14653_chunk_0072;d11a888248c14653_chunk_0074;d11a888248c14653_chunk_0075,confirmed_in_source_chunk,quantitative_results.metrics[2],"""R2"""
1/54.song2019.pdf,Pronóstico de irradiancia solar mediante métodos modernos de aprendizaje profundo,RMSE,TCN,RMSE un 6% mayor que LSTM,6.0,%,,,,,,True,True,retrieved_by_03,43271365fddbaa25_chunk_0003;43271365fddbaa25_chunk_0021;43271365fddbaa25_chunk_0023;43271365fddbaa25_chunk_0024;43271365fddbaa25_chunk_0026;43271365fddbaa25_chunk_0027;43271365fddbaa25_chunk_0028;43271365fddbaa25_chunk_0029;43271365fddbaa25_chunk_0030;43271365fddbaa25_chunk_0031,confirmed_in_source_chunk,quantitative_results.RMSE.TCN,"""RMSE un 6% mayor que LSTM"""
1/56.153_Adaptive.pdf,Adaptive Learning Hybrid Model for Precise Solar Intensity Forecasting Based on Meteorological Data,evaluation_metrics,evaluation_metrics[0],Normalized Root Mean Square Error (NRMSE),,,,,,,,True,True,retrieved_by_03,bc3737df4f9e08a2_chunk_0002;bc3737df4f9e08a2_chunk_0003;bc3737df4f9e08a2_chunk_0004;bc3737df4f9e08a2_chunk_0008;bc3737df4f9e08a2_chunk_0011;bc3737df4f9e08a2_chunk_0015;bc3737df4f9e08a2_chunk_0016;bc3737df4f9e08a2_chunk_0017;bc3737df4f9e08a2_chunk_0018;bc3737df4f9e08a2_chunk_0019,confirmed_in_source_chunk,quantitative_results.evaluation_metrics[0],"""Normalized Root Mean Square Error (NRMSE)"""
1/56.153_Adaptive.pdf,Adaptive Learning Hybrid Model for Precise Solar Intensity Forecasting Based on Meteorological Data,evaluation_metrics,evaluation_metrics[1],mean rank,,,,,,,,True,True,retrieved_by_03,bc3737df4f9e08a2_chunk_0002;bc3737df4f9e08a2_chunk_0003;bc3737df4f9e08a2_chunk_0004;bc3737df4f9e08a2_chunk_0008;bc3737df4f9e08a2_chunk_0011;bc3737df4f9e08a2_chunk_0015;bc3737df4f9e08a2_chunk_0016;bc3737df4f9e08a2_chunk_0017;bc3737df4f9e08a2_chunk_0018;bc3737df4f9e08a2_chunk_0019,confirmed_in_source_chunk,quantitative_results.evaluation_metrics[1],"""mean rank"""
1/57.1-s2.0-S0960148120308557-main.pdf,Short-term global horizontal irradiance forecasting based on a hybrid CNN-LSTM model with spatiotemporal correlations,,correlation_increase,aumento en el coeficiente de correlación R de hasta un 10.76% respecto al modelo de persistencia,10.76,%,,,,,,True,True,retrieved_by_03,c3bb0a7ccca0a4bd_chunk_0017;c3bb0a7ccca0a4bd_chunk_0018;c3bb0a7ccca0a4bd_chunk_0020;c3bb0a7ccca0a4bd_chunk_0036;c3bb0a7ccca0a4bd_chunk_0037;c3bb0a7ccca0a4bd_chunk_0038;c3bb0a7ccca0a4bd_chunk_0041;c3bb0a7ccca0a4bd_chunk_0049;c3bb0a7ccca0a4bd_chunk_0055;c3bb0a7ccca0a4bd_chunk_0069,confirmed_in_source_chunk,quantitative_results.correlation_increase,"""aumento en el coeficiente de correlación R de hasta un 10.76% respecto al modelo de persistencia"""
1/57.1-s2.0-S0960148120308557-main.pdf,Short-term global horizontal irradiance forecasting based on a hybrid CNN-LSTM model with spatiotemporal correlations,metrics_improved,metrics_improved[0],MAE,,,,,,,,True,True,retrieved_by_03,c3bb0a7ccca0a4bd_chunk_0017;c3bb0a7ccca0a4bd_chunk_0018;c3bb0a7ccca0a4bd_chunk_0020;c3bb0a7ccca0a4bd_chunk_0036;c3bb0a7ccca0a4bd_chunk_0037;c3bb0a7ccca0a4bd_chunk_0038;c3bb0a7ccca0a4bd_chunk_0041;c3bb0a7ccca0a4bd_chunk_0049;c3bb0a7ccca0a4bd_chunk_0055;c3bb0a7ccca0a4bd_chunk_0069,confirmed_in_source_chunk,quantitative_results.metrics_improved[0],"""MAE"""
1/57.1-s2.0-S0960148120308557-main.pdf,Short-term global horizontal irradiance forecasting based on a hybrid CNN-LSTM model with spatiotemporal correlations,metrics_improved,metrics_improved[1],RMSE,,,,,,,,True,True,retrieved_by_03,c3bb0a7ccca0a4bd_chunk_0017;c3bb0a7ccca0a4bd_chunk_0018;c3bb0a7ccca0a4bd_chunk_0020;c3bb0a7ccca0a4bd_chunk_0036;c3bb0a7ccca0a4bd_chunk_0037;c3bb0a7ccca0a4bd_chunk_0038;c3bb0a7ccca0a4bd_chunk_0041;c3bb0a7ccca0a4bd_chunk_0049;c3bb0a7ccca0a4bd_chunk_0055;c3bb0a7ccca0a4bd_chunk_0069,confirmed_in_source_chunk,quantitative_results.metrics_improved[1],"""RMSE"""
1/58.1-s2.0-S0306261921005158-main.pdf,Pronóstico de irradiancia solar global horizontal mediante modelos híbridos LSTM–CNN,evaluation_metrics,evaluation_metrics[3],Forecast Skill (FS) score,,,,,,,,True,True,retrieved_by_03,e1bf718cbfa6854b_chunk_0046;e1bf718cbfa6854b_chunk_0067;e1bf718cbfa6854b_chunk_0071;e1bf718cbfa6854b_chunk_0075;e1bf718cbfa6854b_chunk_0077;e1bf718cbfa6854b_chunk_0080;e1bf718cbfa6854b_chunk_0089;e1bf718cbfa6854b_chunk_0090;e1bf718cbfa6854b_chunk_0098;e1bf718cbfa6854b_chunk_0107,confirmed_in_source_chunk,quantitative_results.evaluation_metrics[3],"""Forecast Skill (FS) score"""
1/59.1-s2.0-S0960148120315652-main.pdf,Hourly forecasting of solar irradiance based on CEEMDAN and multistrategy CNN-LSTM neural networks,metrics,metrics[0],RMSE,,,,,,,,True,True,retrieved_by_03,4237f959d87fe007_chunk_0038;4237f959d87fe007_chunk_0047;4237f959d87fe007_chunk_0049;4237f959d87fe007_chunk_0055;4237f959d87fe007_chunk_0062;4237f959d87fe007_chunk_0063;4237f959d87fe007_chunk_0064;4237f959d87fe007_chunk_0069;4237f959d87fe007_chunk_0070;4237f959d87fe007_chunk_0079,confirmed_in_source_chunk,quantitative_results.metrics[0],"""RMSE"""
1/59.1-s2.0-S0960148120315652-main.pdf,Hourly forecasting of solar irradiance based on CEEMDAN and multistrategy CNN-LSTM neural networks,metrics,metrics[1],nRMSE,,,,,,,,True,True,retrieved_by_03,4237f959d87fe007_chunk_0038;4237f959d87fe007_chunk_0047;4237f959d87fe007_chunk_0049;4237f959d87fe007_chunk_0055;4237f959d87fe007_chunk_0062;4237f959d87fe007_chunk_0063;4237f959d87fe007_chunk_0064;4237f959d87fe007_chunk_0069;4237f959d87fe007_chunk_0070;4237f959d87fe007_chunk_0079,confirmed_in_source_chunk,quantitative_results.metrics[1],"""nRMSE"""
1/59.1-s2.0-S0960148120315652-main.pdf,Hourly forecasting of solar irradiance based on CEEMDAN and multistrategy CNN-LSTM neural networks,metrics,metrics[2],MAE,,,,,,,,True,True,retrieved_by_03,4237f959d87fe007_chunk_0038;4237f959d87fe007_chunk_0047;4237f959d87fe007_chunk_0049;4237f959d87fe007_chunk_0055;4237f959d87fe007_chunk_0062;4237f959d87fe007_chunk_0063;4237f959d87fe007_chunk_0064;4237f959d87fe007_chunk_0069;4237f959d87fe007_chunk_0070;4237f959d87fe007_chunk_0079,confirmed_in_source_chunk,quantitative_results.metrics[2],"""MAE"""
1/59.1-s2.0-S0960148120315652-main.pdf,Hourly forecasting of solar irradiance based on CEEMDAN and multistrategy CNN-LSTM neural networks,metrics,metrics[3],FS,,,,,,,,True,True,retrieved_by_03,4237f959d87fe007_chunk_0038;4237f959d87fe007_chunk_0047;4237f959d87fe007_chunk_0049;4237f959d87fe007_chunk_0055;4237f959d87fe007_chunk_0062;4237f959d87fe007_chunk_0063;4237f959d87fe007_chunk_0064;4237f959d87fe007_chunk_0069;4237f959d87fe007_chunk_0070;4237f959d87fe007_chunk_0079,confirmed_in_source_chunk,quantitative_results.metrics[3],"""FS"""
